doc_id,doc_type,rcv_flag,from_list,sequence,title,report_date,sender,reporter,reviewer,department,status
ENFF4D9D2ED69CAF1E661FA3F60736C00B5,R,N,Y,8044,시유재산 무상 사용허가(대부) 기준 알림,2025.09.08,부산광역시 회계재산담당관,조상환,,철도시설과,담당확인
DCTE27FC050010967864E8BB4E355CC1CEC,P,N,Y,8046,차세대 부산형 급행철도(BuTX) 민간투자사업 적격성 조사 관련 추가 수수료 지급 요청,2025.09.08,재정협력담당관,권병기,하치덕,철도시설과,발송
ENFAE700C49B5EF33A74912C8379C80100D,R,N,Y,8043,지자체 공공서비스 등록시스템 내 구비서류 세부내용 수정 협조 요청,2025.09.08,부산광역시 정보화정책과,조상환,,철도시설과,담당확인
ENF8F68B7D4604A124E5DA6AAC16E382A65,R,N,Y,8042,「2024년도 시의회 행정사무감사 지적사항」 2025년 3분기 처리결과 제출,2025.09.08,부산광역시 기획담당관,이유경,,철도시설과,접수
ENF7EABCA631B1C5B83128B03649D24412A,R,N,Y,8041,도시철도 강서선(트램) 추진관련 의견 제출 회신,2025.09.08,한국수자원공사,신혜진,,철도시설과,담당확인
DCT65FC24F9EC0C417CDEC1918FBAF33C8A,P,N,Y,8047,출장결과 보고,2025.09.08,,최세운,하치덕,철도시설과,종료
ENFEE81ADD05D418DCDC287373B78EC7899,R,N,Y,8038,의원발의「산업안전보건법」일부개정법률안에 대한 관계부서 의견조회,2025.09.08,부산광역시 일자리노동과,조상환,,철도시설과,담당확인
ENF20C09CB0ECB711A07D41689426BDBBD5,R,N,Y,8037,시도지사협의회 지방정부의 정부위원회 참여 확대 추진계획 알림,2025.09.08,부산광역시 기획담당관,조상환,,철도시설과,담당확인
ENF421330EC096431C7381F0B31ADC6DF42,R,N,Y,8036,2025년 3분기 퇴직격려금 신청 안내(정년 및 명예퇴직자),2025.09.08,부산광역시 인사과,조상환,,철도시설과,담당확인
ENF599F0E15F2AFBB63A7BF01F2739DE361,R,N,Y,8035,도시관리계획(지구단위계획) 결정 관련 의견 협의(덕포동 한일시멘트부지),2025.09.08,부산광역시 도시공간조성과,최세운,,철도시설과,접수
ENFE4305B55E596E1B03D7FD70AA1DD4ACB,R,N,Y,8034,2025년 하반기 상시 통계수요조사 실시 안내,2025.09.08,부산광역시 빅데이터과,조상환,,철도시설과,담당확인
ENF14CC5B6836C3DFA2BD19B53570500A15,R,N,Y,8033,부산도시철도 사상~하단선 기본계획 변경(안) 승인 신청,2025.09.08,부 산 교 통 공 사 부산교통공사,김소연,,철도시설과,접수
ENF2FE62175A037E41E41E619D19AD4EBDF,R,N,Y,8032,국회의원 요구자료 제출 요청(박수민),2025.09.08,부산광역시 자치행정과,김도완,,철도시설과,담당확인
DCT0BFA1A5D6D1AE6936A012B7308D95D01,P,N,Y,8040,부산광역시 도시철도채권 발행이율 변경 예정 안내,2025.09.08,"본청, 소방재난본부, 직속기관, 사업소, 시의회, 공사공단, 구군, 행정안전부 재정정책과, 부산은행 부산시청지점장, 국민은행 부산시청지점장, 한국거래소 이사장",조상환,하치덕,철도시설과,발송
ENFE15FFA12437651A719C98A85BF36314C,R,N,Y,8030,2025년 10월 지방보조금관리위원회 심의(공모사업자 선정 등)를 위한 자료 제출 안내,2025.09.08,부산광역시 재정협력담당관,조상환,,철도시설과,담당확인
ENFC9CA3AC756710ECB99C340ECB1F35B10,R,N,Y,8029,민원 빅데이터 동향 「국민의 소리」제833호 알림,2025.09.08,부산광역시 통합민원과,조상환,,철도시설과,담당확인
ENF53227E9EEE9200AC2E911A320C8D3279,R,N,Y,8028,제5차 국토종합계획 수정계획에 따른 초광역권 발전방향(안) 의견 재협의(긴급),2025.09.08,부산광역시 도시공간계획과,조상환,,철도시설과,담당확인
ENF353C3FE6C84E2219DFE309BE3D9C6857,R,N,Y,8027,「2025년 부산 반려동물 동반 걷기 축제」 개최 알림 및 홍보 협조,2025.09.08,부산광역시 반려동물과,조상환,,철도시설과,담당확인
ENF1B4A84EF33F7DFF7BE041FADFF6B6FE7,R,N,Y,8026,9월 동행축제와 함께하는「부산살림마켓」개최 알림 및 홍보 협조 요청,2025.09.08,부산광역시 경제정책과,조상환,,철도시설과,담당확인
ENFA729DBF597DB32ABBAC3B9B30DD3751B,R,N,Y,8025,부산도시철도 8월 건설공정현황 제출,2025.09.08,부 산 교 통 공 사 부산교통공사,김소연,,철도시설과,접수
DCTDFA08A1854F9119829965D86848DD745,P,N,Y,8048,현안업무 추진을 위한 간담회 개최,2025.09.08,,권병기,하치덕,철도시설과,종료
ENF6677E90A9D493CEC4AB31D125F905B0A,R,N,Y,8024,부산 e-건설정보지 제270호(2025년 9월호) 발간 알림,2025.09.08,부산광역시 기술심사과,조상환,,철도시설과,담당확인
ENFB138021F594865D40F9EEABB2B38F70E,R,N,Y,8023,「부산광역시 보호수 등 보호 ․ 관리 조례」일부개정조례안 입법예고 의견조회,2025.09.08,부산광역시 푸른숲도시과,조상환,,철도시설과,담당확인
ENF9578DDD5CD3F9B56868D0491EB78D1DA,R,N,Y,8022,「도시·군관리계획수립지침」일부개정훈령(안)안 의견조회,2025.09.08,부산광역시 도시공간계획과,조상환,,철도시설과,담당확인
ENF540B894414E863C819603D17F6272444,R,N,Y,8021,[이송] [이송] 차세대 부산형 급행철도(BuTX) 민간투자사업 관련 추가 수수료 청구,2025.09.08,부산광역시 재정협력담당관,권병기,,철도시설과,담당확인
DCTB7F6A0BB528FD6645135EEF7F6849B04,P,N,Y,8039,도시철도 강서선(트램) 건설 사업비 분담 위한 업무협약서(안) 협의 요청,2025.09.08,한국수자원공사사장,신혜진,하치덕,철도시설과,발송
DCTAB7BD3CD4105CEAB5E9FCF97585ABB57,P,N,Y,8031,2025년 3분기 지역상생발전기금 융자 원리금 상환(특별회계),2025.09.08,회계재산담당관,조상환,하치덕,철도시설과,발송
DCT857FD02BA228757345AB60B3A1E727CD,P,N,Y,8049,부산광역시 도시철도채권 발행이율 변경 예정 안내,2025.09.08,"본청, 소방재난본부, 직속기관, 사업소, 시의회, 공사공단, 구군, 행정안전부 재정정책과, 국민은행 부산시청지점장, 부산은행 부산시청지점장, 한국거래소 이사장",조상환,하치덕,철도시설과,발송
DCT8344E415C1982CD869B6E85EF0877D0B,P,N,Y,8045,2025년 3분기 지역상생발전기금 융자 원리금 상환(일반회계),2025.09.08,회계재산담당관,조상환,하치덕,철도시설과,발송
ENF26431A08D811DE5EC3E77B149CFAF4CF,R,N,Y,8019,2025년 하반기 근무성적평정 실시계획 알림(2025.10.31.기준),2025.09.08,부산광역시 인사과,김도완,,철도시설과,담당확인
ENF9C71B1B3FD610223EE521A3E9DCB9E79,R,N,Y,8018,"비영리법인 동일명칭 사용여부 조회(사단법인 부산클래식문화재단, 사단법인 퓨트로닉문화재단)",2025.09.08,부산광역시 문화예술과,조상환,,철도시설과,담당확인
ENFE0D88D12488204A4D4933A837C3E938A,R,N,Y,8017,2025년 하반기 건설공사 하자검사 요청,2025.09.08,부산광역시 회계재산담당관,조상환,,철도시설과,담당확인
ENF88B8F229D57B17F9108D0212C77ECD0B,R,N,Y,8016,김성원의원 대표발의「세계한인경제무역협회법안」제정 법률안에 대한 의견조회,2025.09.08,부산광역시 경제정책과,조상환,,철도시설과,담당확인
ENF2377A0D4E097E345BB6A09F8B9896961,R,N,Y,8015,2027년도 공공임대형 지식산업센터 신규건립 수요조사 제출 요청,2025.09.08,부산광역시 창업벤처담당관,조상환,,철도시설과,담당확인
DCTA571CBFBBB1FBC89F4B1D44D5213A140,P,N,Y,8020,부서 사무용품 구입,2025.09.08,,한혜윤,하치덕,철도시설과,종료
DCTED523C06E55E44DFBD8BA9F787B0CFAD,P,N,Y,8014,[이송] 2025년 하반기 지하안전평가 협의내용 이행조사를 위한 자료제출 요청(부산),2025.09.08,대중교통과장,조상환,조상환,철도시설과,발송
ENFC07972EC0496F795C426032252F6EC65,R,N,Y,8013,2025년 하반기 지하안전평가 협의내용 이행조사를 위한 자료제출 요청(부산),2025.09.08,부산지방국토관리청 건설관리과,조상환,,철도시설과,이송
ENF7EE7D1DB273C77AC0797ED3650CB64B2,R,N,Y,8012,불용물품 관리전환 소요조회(교통약자 보행자 안전서비스 등),2025.09.08,부산광역시 연구개발과,조상환,,철도시설과,담당확인
ENF53E232B748F58F3022F4267098B5459D,R,N,Y,8011,2025년 제7차 공유재산심의회 안건 제출 안내,2025.09.08,부산광역시 회계재산담당관,조상환,,철도시설과,담당확인
ENFFF6F24A06B0AB50854E5F00ABDB073A3,R,N,Y,8010,8월 중 '공무원 AI활용 역량강화 교육(중급)' 참석자 상시학습 인정시간 알림,2025.09.08,부산광역시 정보화정책과,조상환,,철도시설과,담당확인
ENFC61ABB2DE6930D90E5941AC78195701C,R,N,Y,8009,부산시 사회적경제지원센터 사무실 이전 알림,2025.09.05,부산광역시 중소상공인지원과,조상환,,철도시설과,담당확인
ENF74D87FDC55CE4C193F4994CE54AD617E,R,N,Y,8008,자동차손해배상보장법 일부개정법률안(문진석 의원 대표발의)에 대한 의견조회,2025.09.05,부산광역시 택시운수과,조상환,,철도시설과,담당확인
ENFD6C15C4A52BA9A05054D1DACB01D54A8,R,N,Y,8007,「부산형 커피음료(RTD) 명칭 부산 시민 공모」 안내 및 홍보 협조 요청,2025.09.05,부산광역시 중소상공인지원과,조상환,,철도시설과,담당확인
ENFE223C23367B7D2738C6B6233072F3573,R,N,Y,8006,2026년 상반기「부산연구원(BDI) 정기 현안연구과제」수요조사 실시,2025.09.05,부산광역시 기획담당관,조상환,,철도시설과,담당확인
ENF8EA4355386D512D378B9008C6CCD1477,R,N,Y,8005,규제샌드박스 규제 신속확인 신청서 통보 및 의견제출 요청,2025.09.05,부산광역시 기업지원과,조상환,,철도시설과,담당확인
ENF5C2A9852BFC6D4F0C8D22EEEA47CDA7A,R,N,Y,8004,"제안서 평가위원 후보자 추천 협조요청(낙동강하구 생태계모니터링(제23차, 중점조사) 용역)",2025.09.05,부산광역시 환경정책과,조상환,,철도시설과,담당확인
ENF2F90BD9F39E224E8DA23296A07D5F8E4,R,N,Y,8003,2025년 제3회「직원 헌혈의 날」참여 협조 요청,2025.09.05,부산광역시 보건위생과,조상환,,철도시설과,담당확인
ENF1F1711427990A6051C6BBBBDAC36C31B,R,N,Y,8002,국회(김성회 의원) 요구자료 제출 요청,2025.09.05,부산광역시 회계재산담당관,김도완,,철도시설과,담당확인
ENFEA7B87836919B181BCF22301F6889F0E,R,N,Y,8001,통상분야 뉴스레터「수출지원사업 정보 바다」9월호 알림,2025.09.05,부산광역시 경제정책과,조상환,,철도시설과,담당확인
ENF12EEC9CD01BA5CEED62272938D84D1DF,R,N,Y,8000,2025년 하하(HAHA) 페스티벌 행사 개최 알림 및 협조 요청,2025.09.05,부산광역시 노인복지과,조상환,,철도시설과,담당확인
ENF697277DA68D65D76D69C8DB99B7A6D0D,R,N,Y,7999,「철도의 건설 및 철도시설 유지관리에 관한 법률」일부개정법률안 의견조회(한준호의원 대표발의),2025.09.05,국토교통부 철도시설안전과,조상환,,철도시설과,담당확인
ENFCC54A4BC356F2C6AD2B51AE83AEF6916,R,N,Y,7998,「부산광역시 남해고속도로제2지선 가락영업소 통행료 지원 조례(제정)」 입법예고 의견조회,2025.09.05,부산광역시 도로계획과,조상환,,철도시설과,담당확인
ENF823D76654C834AEE7C8361D5EAB38E33,R,N,Y,7997,2025년 3분기 민원편람 정비결과 제출 요청,2025.09.05,부산광역시 통합민원과,조상환,,철도시설과,담당확인
ENFAC36B3661D6B041586A522F41E2697CC,R,N,Y,7996,「디지털배움터」찾아가는 디지털 교육 신청 안내,2025.09.05,부산광역시 정보화정책과,조상환,,철도시설과,담당확인
ENFA402FFFEAAB578E67F9288C2F0CA7F54,R,N,Y,7995,「기부금품의 모집·사용 및 기부문화 활성화에 관한 법률」일부개정법률안 의견조회,2025.09.05,부산광역시 자치행정과,조상환,,철도시설과,담당확인
ENF26D6090824C612E5DB91EB62674D8916,R,N,Y,7994,「공직자윤리법 시행령」및 「공직자윤리법 시행규칙」일부개정령안 의견조회,2025.09.05,부산광역시 감사담당관,조상환,,철도시설과,담당확인
ENF26931818F2451A161401D80F510793F2,R,N,Y,7993,「전기사업법」일부개정법률안에 대한 의견조회(김미애 의원 대표발의),2025.09.05,부산광역시 도로안전과,조상환,,철도시설과,담당확인
ENFFBB018A09C7D2CA435D4CF2B03F55F9A,R,N,Y,7992,9.6~7일 호우 대비 안전관리 철저,2025.09.05,부산광역시 자연재난과,이유경,,철도시설과,담당확인
ENFC0BD1D793867B0334884C8F828460A74,R,N,Y,7991,『2025년 10월 부산광역시 공공건축심의위원회』심의안건 제출 안내,2025.09.05,부산광역시 디자인도시정책담당관,조상환,,철도시설과,담당확인
ENF78C063BE061062B06AE3FB25996E950C,R,N,Y,7990,「개발제한구역의 지정 및 관리에 관한 특별조치법 시행규칙」일부개정안 의견조회,2025.09.05,부산광역시 도시공간계획과,조상환,,철도시설과,담당확인
ENF241A8924695BD046E010F061E6F3E712,R,N,Y,7989,2025회계연도 내 세외수입 징수율 제고 협조 요청,2025.09.05,부산광역시 세정정책담당관,조상환,,철도시설과,담당확인
ENFC67B22B6BBE08D384095F8A268653FB5,R,N,Y,7988,2025년 8월 수행상황 집행내역 결과보고서 제출,2025.09.05,(사)부산도심철도시설이전추진위원회,한혜윤,,철도시설과,담당확인
ENF8B60173DE0CD0BD171F3D292E36BA6F4,R,N,Y,7987,결산검사 지적사항 관련 그외수입 부과대상 미기재 내용 제출 요청,2025.09.05,부산광역시 세정정책담당관,조상환,,철도시설과,담당확인
ENFF3CDA20EADC769A3DA4885220B458140,R,N,Y,7986,제106회 전국체육대회 개회식 초청인사 참석여부 확인 및 신원조회 자료 제출,2025.09.05,부산광역시 전국체전기획단,조상환,,철도시설과,담당확인
ENFF21DC34DC9D6DAA2A81557FF3A2A88BF,R,N,Y,7985,2025년 6~8월 중 교육훈련기관별 사이버 교육과정 이수사항 알림,2025.09.05,부산광역시 인사과,조상환,,철도시설과,담당확인
ENF7B9055F8225AD2DA80B2AD8914B416EA,R,N,Y,7984,2025년 10월 배달강좌 모집 알림,2025.09.05,부산광역시인재개발원 전문교육과,조상환,,철도시설과,담당확인
ENF8C8BF51F90C575A636EFC839950E369E,R,N,Y,7983,통합지방재정시스템(e호조+) 10월 교육계획 안내,2025.09.05,부산광역시 예산담당관,조상환,,철도시설과,담당확인
ENF0CB334EE8DB622F670E4019F98B6F7FB,R,N,Y,7982,2025년 상반기 범정부 장애사례 환류보고서 적극 활용 협조,2025.09.05,부산광역시 정보화정책과,조상환,,철도시설과,담당확인
ENF8C04995FEF7FEE434C9EDA89C2464FB1,R,N,Y,7981,건축사법 일부개정법률안 의견조회,2025.09.05,부산광역시 건축정책과,조상환,,철도시설과,담당확인
ENF48315123FBAE9A604B76E9281C775ACB,R,N,Y,7980,부산에 K-전통문화의 열풍이 분다! 찾아가는 무형유산 무료 공연 안내,2025.09.05,부산광역시 문화유산과,조상환,,철도시설과,담당확인
ENFC46549D56C9BC7F453AB5D6A56DFD7F2,R,N,Y,7979,2025년 9월 공무원 마음건강센터 프로그램 안내,2025.09.05,부산광역시 인사과,조상환,,철도시설과,담당확인
ENFACDBB6B9F2392F2F67A109E967EAA0AE,R,N,Y,7978,지방자치 30주년 권역별 간담회 개최 홍보 협조 요청,2025.09.05,부산광역시 자치행정과,조상환,,철도시설과,담당확인
ENFA45CACCC5CD33CB5CECD4BE108A541DB,R,N,Y,7977,제안서 평가위원(후보자) 모집 알림(민주공원 리모델링 기본계획 수립 및 콘텐츠 기획),2025.09.05,부산광역시 자치행정과,조상환,,철도시설과,담당확인
ENF33FA4EC70045577F17BA27CD159A6DA4,R,N,Y,7976,2025년 제3차 신규 지정 혁신제품 홍보 및 구매 협조 안내,2025.09.05,부산광역시 회계재산담당관,조상환,,철도시설과,담당확인
ENF834F624E160C57CF412B0B1D14FC8DC5,R,N,Y,7975,2025년 점역·교정 지원 사업 참여 신청 안내,2025.09.05,부산광역시 문화예술과,조상환,,철도시설과,담당확인
ENF85B78D37A6C27678989290F96D40844D,R,N,Y,7974,2025년 3분기 지역상생발전기금 융자금(지방채 원리금) 상환액 납부 요청,2025.09.04,부산광역시 예산담당관,조상환,,철도시설과,담당확인
ENF3DCA556CECFC22A5D0923C7C3AEE349C,R,N,Y,7973,지방자치단체 민간위탁사무 현황 조사 협조 요청(수정),2025.09.04,부산광역시 재정협력담당관,조상환,,철도시설과,담당확인
ENF148B37A232C3FC7CF605D36A5115934B,R,N,Y,7972,제331회 임시회 제1차 본회의 5분자유발언 처리부서 변경 알림,2025.09.04,부산광역시 기획담당관,이유경,,철도시설과,담당확인
ENF91610A210D54A1BB86C0BE9F104222DC,R,N,Y,7971,2025년 3분기 부울경 초광역실무협의회 철도분야 회의 개최 알림 및 참석협조,2025.09.04,울산광역시 광역트램교통과,이유경,,철도시설과,담당확인
ENFAE5B3E986BD87DD8C44A05E0F2452780,R,N,Y,7970,「적극행정 운영규정」 일부개정령안에 대한 의견조회,2025.09.04,부산광역시 조직담당관,조상환,,철도시설과,담당확인
ENF1340E8EB3DA9CB90E41F402A1AC2CEE5,R,N,Y,7969,지방자치단체 민간위탁사무 현황 조사 협조 요청,2025.09.04,부산광역시 재정협력담당관,조상환,,철도시설과,담당확인
ENF9DE3309B66460ACA94C9E95901E23B15,R,N,Y,7968,2025년 하반기「시-부산해수청-BPA 기관장 행정협의회」 논의안건 제출 요청,2025.09.04,부산광역시 해운항만과,조상환,,철도시설과,담당확인
ENF403E795C11E2E9525763699E950A0AD1,R,N,Y,7967,2025년 하반기 교육행정협의회 안건 제출 협조,2025.09.04,부산광역시 창조교육과,조상환,,철도시설과,담당확인
ENF643B6ABFEBC2341D796E74316A2C4E12,R,N,Y,7966,「부산광역시 도시숲등의 조성및 관리에 관한 조례」일부개정조례안 입법예고 의견조회,2025.09.04,부산광역시 푸른숲도시과,조상환,,철도시설과,담당확인
ENF632D49CC1E5B8CC0B68C77712F28ACB6,R,N,Y,7965,"[집합, 사이버] 2025년 10~11월 중 교육훈련기관(환경, 감사 분야 등) 교육대상자 선발 안내",2025.09.04,부산광역시 인사과,이유경,,철도시설과,담당확인
ENFE1CC70D2313F12F0BB4F03A58AC8565E,R,N,Y,7964,2025년 8월 친절 공무원 접수 현황 알림,2025.09.04,부산광역시 통합민원과,조상환,,철도시설과,담당확인
DCT3A1685C8D495699652E170B621862B40,P,N,Y,7962,'25년 재난관리기금 보조금 등 타기관 교부예산 정산계획 제출,2025.09.04,자연재난과장,김소연,하치덕,철도시설과,발송
ENFCAB050F0144BECD7E4F93C9AD6B42B57,R,N,Y,7961,외국인 대상 어린이 보호구역 법규 준수 홍보물 배포,2025.09.04,부산광역시 안전정책과,조상환,,철도시설과,담당확인
ENFC853B1DE5364A0AD4198E5C944CA6693,R,N,Y,7960,국회(한병도 의원) 요구자료 제출 요청,2025.09.04,부산광역시 회계재산담당관,김도완,,철도시설과,담당확인
DCTA1FD58B867EB58D5E64240A82546857D,P,N,Y,7963,정보공개 결정 통지서 (15089721),2025.09.04,,김소연,하치덕,철도시설과,종료
ENFB0FE9A357883F1AD95B512A211564ACE,R,N,Y,7959,「제5회 조달의 날」안내 및 신성장제품관 구매상담회 참여 모집,2025.09.04,부산광역시 회계재산담당관,조상환,,철도시설과,담당확인
ENF1081A0C16763286D7804271076930CC2,R,N,Y,7958,제2기 한국철도공사 설계심의분과위원회 후보자 추가모집 협조 요청,2025.09.04,한국철도공사 KORAIL그룹,조상환,,철도시설과,담당확인
ENF014D574793C0E4A64660CD24DDA7A74D,R,N,Y,7957,(2025년 9월분) 공공데이터 개방자료 현행화 협조 요청,2025.09.04,부산광역시 빅데이터과,조상환,,철도시설과,담당확인
ENF692E3FE4737BACE712A92495F899CC99,R,N,Y,7956,「북한군 침투·도발 현장조치 행동매뉴얼」개정 배부 및 파기요청,2025.09.04,부산광역시 안전정책과,조상환,,철도시설과,담당확인
ENF9BEEFA988E500E09E180864425985DC7,R,N,Y,7955,노동행정 개선 종합 컨설팅 지원 제도 안내,2025.09.04,부산광역시 일자리노동과,조상환,,철도시설과,담당확인
ENFB3C6988AC76D1253ED6F1987EEEFA019,R,N,Y,7954,박균택 의원 대표발의「에너지법」일부 개정 법률안에 대한 의견조회,2025.09.04,부산광역시 미래에너지산업과,조상환,,철도시설과,담당확인
ENFC09BC622D88E3B193CF3044165620FC7,R,N,Y,7953,공상자 복지 지원 확대사업 추진 관련 안내,2025.09.04,부산광역시 자치행정과,조상환,,철도시설과,담당확인
ENF2B8BD24F0C99CC5CEF9ACDD03173ADE8,R,N,Y,7952,공공부문 재난안전제품·기술 수요조사 일정 변경 알림 및 평가 지표 의견조회,2025.09.04,부산광역시 안전정책과,조상환,,철도시설과,담당확인
ENF658810B2129C77B28A92D208891AA888,R,N,Y,7951,2025년도 부산광역시 중소기업지원사업 신설 및 변경 사전협의 이행 안내(2차),2025.09.04,부산광역시 경제정책과,조상환,,철도시설과,담당확인
ENF6F31E1919F75D1037FA2970376B622FC,R,N,Y,7950,2025년 적극행정 직장교육 실시 알림 및 참석자 명단 제출 요청,2025.09.04,부산광역시 조직담당관,조상환,,철도시설과,담당확인
ENF21375BB60DBEDF1D32EBA192EAF5ECCA,R,N,Y,7949,2025년 제2기 전입자 과정 교육생 모집 안내,2025.09.04,부산광역시 인사과,조상환,,철도시설과,담당확인
ENF9B95E72E4CC18C11C36C5EA0B3DAD4DD,R,N,Y,7948,2025년 10월 부산광역시 인재개발원 교육대상자 모집·선발 안내,2025.09.04,부산광역시 인사과,이유경,,철도시설과,담당확인
ENFCEDBF58C2F9E23BBCD3FFEA6908530D1,R,N,Y,7947,2025년도 건강검진 실시 독려 협조,2025.09.04,부산광역시 인사과,조상환,,철도시설과,담당확인
ENFD0D362652DA601BB67A0660A83275091,R,N,Y,7946,‘25년 전국(장애인)체전 관용차량 스티커 배부 및 홍보 협조 요청,2025.09.04,부산광역시 전국체전기획단,조상환,,철도시설과,담당확인
ENFF46F8347F45048F782EABD82095E25F4,R,N,Y,7945,의원발의 해양수산부 부산 이전에 관한 특별법안 제정법률안 의견조회,2025.09.04,부산광역시 해양수도정책과,조상환,,철도시설과,담당확인
ENFFE714FA5EDE9513AD0CA5EE1A6B4EAC1,R,N,Y,7944,지방보조금 교부결정 시 사업기간 명시 안내,2025.09.04,부산광역시 재정협력담당관,조상환,,철도시설과,담당확인
ENFF2868FD327E9AF12E03F0D758FBFEFBE,R,N,Y,7943,2025년 하반기 재정집행 추진계획 알림,2025.09.04,부산광역시 예산담당관,조상환,,철도시설과,담당확인
ENFC63CC1D220F6C470AC9F0A9354B33DF2,R,N,Y,7942,이학영 의원 대표발의 「외국인투자 촉진법」 일부개정법률안에 대한 의견조회,2025.09.04,부산광역시 투자유치과,조상환,,철도시설과,담당확인
ENFCFCA7B265BFE15D2E8B1835741574D5B,R,N,Y,7941,부동산 보유·매수 신고 안내(용호12재개발 외 6건),2025.09.04,부산광역시 청렴담당관,조상환,,철도시설과,담당확인
ENFC702280F8791A122D02AF6E1DF020544,R,N,Y,7940,「2025년 하반기 지방재정 집행 적극 활용 지침」 안내,2025.09.04,부산광역시 회계재산담당관,조상환,,철도시설과,담당확인
ENF5EAB7AA9EB57E8F1C22A22D445F8D3DC,R,N,Y,7939,비영리법인 동일명칠 사용여부 조회(재단법인 부산남구문화재단),2025.09.04,부산광역시 문화예술과,조상환,,철도시설과,담당확인
ENFD73D0C4ED0A22954C4885B1D5FC1D06E,R,N,Y,7938,공유재산(유가증권) 관리체계 개선을 위한 설문조사 협조 요청,2025.09.04,부산광역시 회계재산담당관,조상환,,철도시설과,담당확인
ENF6E23A259FAE4F9EF336F93B72556A3BC,R,N,Y,7937,지방보조사업 중요재산 관리 현황 조사 협조 요청(본청),2025.09.04,부산광역시 재정협력담당관,조상환,,철도시설과,담당확인
ENFE8DD81F679DE0BC9DAFEF5D5A7860DEE,R,N,Y,7936,「건설기술연구 우수사례 발표회」 개최 알림,2025.09.04,부산광역시 건설행정과,조상환,,철도시설과,담당확인
ENFF98E06C8816EE540F8F9BBE90DBD7EC4,R,N,Y,7935,비영리법인 설립허가 신청에 따른 동일명칭 사용여부 조회(사단법인 우리끼리),2025.09.04,부산광역시 자치행정과,조상환,,철도시설과,담당확인
ENF8CB974A354E6BB273F5411AFE7FF6403,R,N,Y,7934,「부산광역시 청원경찰 처우개선에 관한 조례」일부개정조례안 의견조회,2025.09.04,부산광역시 인사과,조상환,,철도시설과,담당확인
ENF5CD42AC96A2DC82192E70943ADE9446B,R,N,Y,7933,2025 추석 연휴 안전관리대책 점검회의 개최 알림 및 자료 제출 요청,2025.09.04,부산광역시 안전정책과,조상환,,철도시설과,담당확인
ENF20D83D9C310B87DF1C10ED665BE0587E,R,N,Y,7932,2025년 공중화장실 업무 유공 포상 계획 알림,2025.09.04,부산광역시 공공하수인프라과,조상환,,철도시설과,담당확인
ENF1350F524C9FB3984C925AF44B590561A,R,N,Y,7931,2025년 추석 명절 대비 관급공사(공사 및 용역) 대금 체불예방 및 조기지급 협조요청,2025.09.04,부산광역시 회계재산담당관,조상환,,철도시설과,담당확인
ENF94A1D0AFCE5C559C79BC67E71F528F96,R,N,Y,7930,국무총리실「민원합리성 검토 위원회」위원 후보 추천 안내,2025.09.04,부산광역시 통합민원과,조상환,,철도시설과,담당확인
ENF6AAF774EE8DDA7B7424B1AE88FCBBC77,R,N,Y,7929,(긴급)국회의원 요구자료 제출 협조 요청(민간위탁사업비),2025.09.04,부산광역시 재정협력담당관,김도완,,철도시설과,담당확인
ENF3E742532A4760B64DBEE0CBB531263F3,R,N,Y,7928,이철규 의원발의「강원도 특별법」일부개정법률안 의견조회,2025.09.04,부산광역시 자치행정과,조상환,,철도시설과,담당확인
DCT41A306DD2B05BB251774F236CA72D44C,P,N,Y,7927,서면질문서 답변자료 제출(247),2025.09.04,미래혁신기획과장,김원영,하치덕,철도시설과,발송
ENF89E225B8EB08A7CDE35088488F4F78C5,R,N,Y,7926,도로지반침하 특별대책 상설 TF 회의(16차) 결과 및 17차 회의 개최 알림,2025.09.04,부산광역시 사회재난과,김석용,,철도시설과,담당확인
ENFCEF1C41A5622D205780802C1A444EEDF,R,N,Y,7924,'간부 모시는 날' 근절 협조 재요청,2025.09.03,부산광역시 조직담당관,조상환,,철도시설과,담당확인
ENFAE8A4957144E439C649BA8D612AD4FA2,R,N,Y,7923,세븐비치 어싱 챌린지〈7〉송도편 개최 알림 및 협조 요청,2025.09.03,부산광역시 공원여가정책과,조상환,,철도시설과,담당확인
ENF7949C4001F39AE806492D80166382A23,R,N,Y,7922,2025 하반기 부산 사회적경제 공공구매 페어 설명회 참여 협조 요청,2025.09.03,부산광역시 중소상공인지원과,조상환,,철도시설과,담당확인
ENF7D73F911A8A91828D9B2E7C6D5BF3679,R,N,Y,7921,2025년 청렴마일리지 중간평가(2차) 실적 확인 요청,2025.09.03,부산광역시 청렴담당관,조상환,,철도시설과,담당확인
ENF11BFA3AA859B0375CB5DA9AE855D5121,R,N,Y,7920,「시민사회 활성화와 공익활동 증진을 위한 기본법」제정안 의견 조회,2025.09.03,부산광역시 자치행정과,조상환,,철도시설과,담당확인
ENF6877C948E15DF53AD5001214A5245097,R,N,Y,7919,「BUSAN DATA WEEK 2025」참가자 모집 안내 및 홍보 요청,2025.09.03,부산광역시 빅데이터과,조상환,,철도시설과,담당확인
ENFA878CE667B685702ABE543759665575E,R,N,Y,7918,「제33회 부산광역시 산업평화상」후보자 추천 및 홍보 요청,2025.09.03,부산광역시 일자리노동과,조상환,,철도시설과,담당확인
ENF6CEFCB94682404C210A43451BEF20E95,R,N,Y,7917,법제사법위원회 의견 조회(평생교육법 등 2건),2025.09.03,부산광역시 법무담당관,조상환,,철도시설과,담당확인
ENF0E21AAF6A8E5BC9DC2576F068711467D,R,N,Y,7915,「경부선 철도 지하화 사업」선정을 위한 ‘10만 서명운동’ 목표달성 및 지원요청,2025.09.03,사상구 교통행정과,최세운,,철도시설과,담당확인
ENFD541BD1BADC7C8E8BEC192D2BBDDEC93,R,N,Y,7914,강릉시 가뭄 관련 병입 수돗물·생수·운반 급수차 지원 요청,2025.09.03,부산광역시 자연재난과,조상환,,철도시설과,담당확인
ENF03F746C7F1ABFEFCE99B07D3B8D63AFF,R,N,Y,7913,중앙부처 법령 제·개정안 의견 조회(산업전환에 따른 고용안정 지원 등에 관한 법률 등 63건),2025.09.03,부산광역시 법무담당관,조상환,,철도시설과,담당확인
ENF55D227A90B8A051E4A8FC28575AD2168,R,N,Y,7911,「부산광역시 소속 위원회 설치 및 운영에 관한 조례」일부개정조례안 의견조회,2025.09.03,부산광역시 조직담당관,조상환,,철도시설과,담당확인
ENF07A817960035349215537EAA4ED4FDEE,R,N,Y,7910,공공앱 보이스피싱 방지 등 강화된 보안프로그램 적용 알림,2025.09.03,부산광역시 빅데이터과,조상환,,철도시설과,담당확인
ENFA3DB8FB7064604AE297C71C083B0C185,R,N,Y,7909,부산광역시 공공건축가 제도 적극 활용 안내,2025.09.03,부산광역시 건축정책과,조상환,,철도시설과,담당확인
ENFB15A93B0883A02A8E0AF40DBCCF3F017,R,N,Y,7908,기증물품 관리 현황 자료 제출 협조 요청,2025.09.03,부산광역시 회계재산담당관,조상환,,철도시설과,담당확인
ENFAC45F254E7D652FAEA80FD8231F91EC1,R,N,Y,7907,국회의원 요구자료 제출 요청(박정현),2025.09.03,부산광역시 통합민원과,김도완,,철도시설과,담당확인
DCT8A356116D35A2CFF294AD7170F87D4FD,P,N,Y,7912,2025년 10월 인재개발원「제3기 재난안전실무자 과정」교육신청,2025.09.03,사회재난과장,이유경,하치덕,철도시설과,발송
ENF45933B6CB37B3CCAD4A1F33720574FB4,R,N,Y,7906,국회 요구자료 제출 요청(BIM 발주 현황),2025.09.03,부산광역시 기술심사과,김도완,,철도시설과,담당확인
ENF02D2D3369A3E1E7FE36DC040D3B144D3,R,N,Y,7905,2025년 의료산업 발전 유공자 포상계획 알림 및 대상자 추천 요청,2025.09.03,부산광역시 바이오헬스과,조상환,,철도시설과,담당확인
ENFD4117876385221C1986FEDDD6A5C8E92,R,N,Y,7904,자동차등록번호판 영치제도 개선방안 관련 의견 요청,2025.09.03,부산광역시 세정정책담당관,조상환,,철도시설과,담당확인
ENF4DBE0C34DEE22BDFBAD3CE9F1B8570ED,R,N,Y,7903,문서24시스템 개편작업에 따른 서비스 일시 중단 안내,2025.09.03,부산광역시 정보화정책과,조상환,,철도시설과,담당확인
DCT44EB0CC127A0E6A97F3EC00CEC5314E5,P,N,Y,7925,제안서 평가위원 후보자 심사계획 보고,2025.09.03,,최세운,임경모,철도시설과,종료
DCT26C67F9389F94F65D0B801E55455806B,P,N,Y,7916,민원(1AA-2508-1169686) 처리결과 안내,2025.09.03,,한혜윤,하치덕,철도시설과,종료
ENFA3A11E0890F1FEF840C1E4DABF4126BC,R,N,Y,7902,2025년 10월 인재개발원「제3기 재난안전실무자 과정」교육신청 수요 조사,2025.09.03,부산광역시 사회재난과,조상환,,철도시설과,담당확인
ENF1DE26BFCC82EB5291674E829443B98EF,R,N,Y,7901,「학교용지법」일부개정법률안(12536 김용태) 의견 조회,2025.09.03,부산광역시 창조교육과,조상환,,철도시설과,담당확인
ENFD27DE52529FA8AF0EE1760F42CBDC011,R,N,Y,7900,유엔창설 80주년 기념「2025 워크앤피스」행사 홍보 협조 요청,2025.09.03,부산광역시 국제협력과,조상환,,철도시설과,담당확인
ENF0FFE6E2014621CFDF4BFDE2ED3699496,R,N,Y,7899,2025년 2학기 한국방송통신대학교 위탁 교육생 선발 안내,2025.09.03,부산광역시 인사과,조상환,,철도시설과,담당확인
ENF20E298C57F1CDB8D882BC3D30E9BEC22,R,N,Y,7898,2026년 글로벌리더과정 교육훈련 대상자 선발계획 알림,2025.09.03,부산광역시 인사과,조상환,,철도시설과,담당확인
ENFF9A4590F5AA1CB3E5B22C84AB04635AE,R,N,Y,7897,규제샌드박스 규제 신속확인 신청서 통보 및 의견제출 요청,2025.09.03,부산광역시 기업지원과,조상환,,철도시설과,담당확인
ENF4EDBA5070065B96B31B8F850ABB0122F,R,N,Y,7896,정부인증 가사서비스 활성화를 위한 협조 요청,2025.09.03,부산광역시 일자리노동과,조상환,,철도시설과,담당확인
ENF786456A1893F4BEDEE2F3ED146582213,R,N,Y,7895,2025년 8월 준공 “공공시설 건립비용 공개자료” 제출요청,2025.09.03,부산광역시 기술심사과,조상환,,철도시설과,담당확인
ENFC57CD4FAE5D42C80C8A1BE80CA26C497,R,N,Y,7894,「철도사업법」 일부개정법률안 의견조회(이상휘의원 대표발의),2025.09.03,국토교통부 철도운영과,조상환,,철도시설과,담당확인
ENFF2BC6D7D8DEBA61B3A42D8BD092BA714,R,N,Y,7893,'25년 공공부문 클라우드 네이티브 컨설팅 수요조사 안내,2025.09.03,부산광역시 정보화정책과,조상환,,철도시설과,담당확인
ENFE4B5792E9C0CE83C794C0282B0A8D231,R,N,Y,7892,「2025 게임 체험 팝업전시 운영」사업 수요조사 협조 요청,2025.09.03,부산광역시 영상콘텐츠산업과,조상환,,철도시설과,담당확인
ENF1A464713E667B51B07D1668B3ADE8F6E,R,N,Y,7891,시장 지시사항 제32호 알림,2025.09.03,부산광역시 조직담당관,김도완,,철도시설과,담당확인
ENF2377AD6057973B2C589390BA3228AB1B,R,N,Y,7890,2025년 장기미집행 도시계획시설 시의회 보고 관련 자료 제출 요청,2025.09.03,부산광역시 도시공간조성과,이유경,,철도시설과,담당확인
DCTCDAA48B5A728F345FED497CD1F89BF61,P,N,Y,7889,국민제안(1AB-2507-0012323) 재심사 결과 통보,2025.09.03,,김도완,하치덕,철도시설과,종료
DCT93F805A9C7614B8D6DF5C9D55532CBF3,P,N,Y,7888,2025년 8월 도시철도채권 발행실적 통보,2025.09.03,한국거래소 이사장,조상환,하치덕,철도시설과,발송
ENFB7B5646F1949B8A982E8AD9967832570,R,N,Y,7887,2025년 9월 대규모 투자사업 현황 현행화 요청,2025.09.03,부산광역시 예산담당관,조상환,,철도시설과,담당확인
ENF714FB50DE5EA937AE4FB7C3406C3825E,R,N,Y,7886,2025년 저자초청 북세미나(하반기) 개최 알림 및 참석자 명단 제출 요청,2025.09.02,부산광역시 정보화정책과,조상환,,철도시설과,담당확인
ENFE100B110CED0748F181D20FEC88C9730,R,N,Y,7885,자원봉사 우수 공무원 및 우수 부서 선정 기준 재안내,2025.09.02,부산광역시 자치행정과,조상환,,철도시설과,담당확인
ENF55BD440822B887987123C6A6D8CEA0CF,R,N,Y,7884,「제2기 부산광역시 지방시대위원회」 위원 추천 요청,2025.09.02,부산광역시 기획담당관,조상환,,철도시설과,담당확인
ENF38959C868953A84E1372959B4AD4AD04,R,N,Y,7883,2026~2030년 일반회계 세입예산 중기지방재정계획 자료 제출 요청,2025.09.02,부산광역시 세정정책담당관,조상환,,철도시설과,담당확인
ENF86FCDA123068B6931210EFFAC1C6C72B,R,N,Y,7882,"[집합, 사이버] 2025년 10월 중 교육훈련기관(해양, 직무 분야 등) 교육대상자 선발 안내",2025.09.02,부산광역시 인사과,조상환,,철도시설과,담당확인
ENF15D9E8A2EAA673EF37A1A829AF3E29C3,R,N,Y,7881,2025년 산업단지 환경조성사업(출연) 6차 공모 알림,2025.09.02,부산광역시 산업입지과,조상환,,철도시설과,담당확인
ENF25A90D3B00A556735FDD002D87078207,R,N,Y,7880,PC 운영체제 윈도우11 전환 일정 알림,2025.09.02,부산광역시 정보화정책과,조상환,,철도시설과,담당확인
ENF44502A450A3B452B1C9A81F2B1FE7964,R,N,Y,7879,"유연근무, 포상휴가 등 복무실태 점검결과 유의사항 알림",2025.09.02,부산광역시 청렴담당관,조상환,,철도시설과,담당확인
ENF6118E5261C77E34B4345A9D8441DBEB0,R,N,Y,7878,보탬e 부정징후 의심사업 통보 및 '25년 2분기 정기점검 요청,2025.09.02,부산광역시 재정협력담당관,조상환,,철도시설과,담당확인
ENF7018239FACF1F153607D9736E09664A6,R,N,Y,7877,2025년 10월 재난안전 교육과정 모집 안내,2025.09.02,부산광역시 사회재난과,조상환,,철도시설과,담당확인
ENF91DBA8590F0663B547814935B04DA4CA,R,N,Y,7876,「철도안전법」일부개정 법률안 의견조회(박용갑의원 대표발의),2025.09.02,국토교통부 철도안전정책과,조상환,,철도시설과,담당확인
ENF2BF8A46F2DEC153B5620F0064F176AA4,R,N,Y,7875,행정안전부 추석명절 공직기강 감찰계획 알림,2025.09.02,부산광역시 청렴담당관,조상환,,철도시설과,담당확인
ENFFDBE097657BD46B5C02EB9741A371C27,R,N,Y,7874,온누리상품권 연계사업 현황 제출 요청,2025.09.02,부산광역시 중소상공인지원과,조상환,,철도시설과,담당확인
ENF5620503DA873626E8E0496BC6BDA8B6F,R,N,Y,7873,[집합] 10월 중 공무원 데이터 인재양성 교육생 모집 안내,2025.09.02,부산광역시 빅데이터과,조상환,,철도시설과,담당확인
ENF1E3F7C3CEA913BB7982BF7F0CCCA0D82,R,N,Y,7872,서면질문서 자료 제출 요청(246_부산 지역 업체의 물품 구매 실적),2025.09.02,부산광역시 회계재산담당관,조상환,,철도시설과,담당확인
ENF9749DBED6D6073F6E2594F2512F14164,R,N,Y,7871,2025년 데이터기반행정 활성화(BSC 공통지표) 평가 중간결과 알림,2025.09.02,부산광역시 빅데이터과,조상환,,철도시설과,담당확인
ENFDE360EAED1389F8DEBE84E89C48AA1A9,R,N,Y,7870,2025년도 온라인 평생교육 수강 안내,2025.09.02,부산광역시 인사과,조상환,,철도시설과,담당확인
ENFAD1841AFB8BC3F5A22634ED2EEEA0DBC,R,N,Y,7869,서면질문서 송부(247),2025.09.02,부산광역시 기획담당관,이유경,,철도시설과,담당확인
ENF2977FDA6DBB2042BA1786A043443F611,R,N,Y,7868,서면질문서 송부(250),2025.09.02,부산광역시 기획담당관,이유경,,철도시설과,담당확인
ENFDEED625051BD256BBD17A9247A28152D,R,N,Y,7867,국회의원 요구자료 제출 요청(정준호),2025.09.02,부산광역시 자치행정과,김도완,,철도시설과,담당확인
ENF2229ECE8D22299668FC50A7A546A0E1A,R,N,Y,7866,2026~2030년 중기지방재정계획 자료제출 요청,2025.09.02,부산광역시 예산담당관,조상환,,철도시설과,접수
ENF23B4D95BE80F8AEE47940CB1858B97B4,R,N,Y,7865,2025년 제4차 지방재정 투자사업 타당성조사 의뢰서 제출 안내,2025.09.02,부산광역시 예산담당관,조상환,,철도시설과,담당확인
ENFE4F65323FC8F1E62D7621DEF8BE70CE7,R,N,Y,7864,2025년 하반기 민선8기 공약추진단 회의 개최 알림,2025.09.02,부산광역시 조직담당관,김도완,,철도시설과,담당확인
DCT6E845A638DD497957EEC32377DB1E742,P,N,Y,7863,예산낭비(1AB-2507-0000859) 처리결과 알림,2025.09.02,예산담당관,김소연,하치덕,철도시설과,발송
ENF3FCCF03D7795027DA6E73DBBF732462D,R,N,Y,7862,교통약자의 이동편의 증진법 일부개정법률안(문진석 의원) 의견조회,2025.09.02,부산광역시 교통혁신과,조상환,,철도시설과,담당확인
ENFF628534B71C82EAF7E3F99103A3DEF35,R,N,Y,7861,시장 지시사항(8월) 이행상황 점검표 제출 요청,2025.09.02,부산광역시 조직담당관,김도완,,철도시설과,담당확인
ENFA1998DA428D469836D0C4E35994883F7,R,N,Y,7858,재난안전대책본부 비상1단계(호우) 근무 해제 알림,2025.09.02,부산광역시 자연재난과,조상환,,철도시설과,담당확인
ENF30FFD69FFCF720D404A7D3E8E2027A4B,R,N,Y,7857,2025년 공공부문 아동학대 예방교육 시행 및 교육실적 제출 안내,2025.09.02,부산광역시 아동청소년과,조상환,,철도시설과,담당확인
ENFF6B7417DEDA0404CA8B5A4C415A90A74,R,N,Y,7856,정보공개청구에 따른 자료제출 요청(접수번호 15147731),2025.09.02,부산광역시 통합민원과,조상환,,철도시설과,담당확인
ENF25378F265DF292DCE42F74DC58558BA1,R,N,Y,7855,「지방자치단체를 당사자로 하는 계약에 관한 법률 일부개정법률안」 (이학영 의원 대표발의) 의견조회,2025.09.02,부산광역시 회계재산담당관,조상환,,철도시설과,담당확인
ENF4241E9D2B0125347684F9463D4DB13A7,R,N,Y,7854,민원에 따른 청년 대상 편의시설(샤워시설 등) 현황자료 요청,2025.09.02,부산광역시 청년정책과,조상환,,철도시설과,담당확인
ENF76DA6192BCD1AA43027AFF132AF856DD,R,N,Y,7853,"한국지방행정연구원 「국민주권시대, 국가 균형성장과 지방자치 기반 강화」 세미나 개최 알림",2025.09.02,부산광역시 기획담당관,조상환,,철도시설과,담당확인
ENF49B4AFDAF9F75B6595AD1FC5B031A807,R,N,Y,7852,호우주의보 발표에 따른 재난안전대책본부 비상1단계 근무알림,2025.09.02,부산광역시 자연재난과,조상환,,철도시설과,담당확인
ENF40167FAB1E96FB51921365CDA57D1AB2,R,N,Y,7851,제20회 시·도 공무원 친선 체육대회 참가 계획 알림 및 협조요청,2025.09.02,부산광역시 총무과,조상환,,철도시설과,담당확인
ENF4F9B6EF32482F616DB35015D5E4C3F81,R,N,Y,7850,제331회 임시회 제1차 본회의 5분자유발언 처리 요청,2025.09.02,부산광역시 기획담당관,이유경,,철도시설과,담당확인
DCT716323901A1CC41CA45EEC2489C631C8,P,N,Y,7859,현안업무 추진을 위한 간담회 개최,2025.09.02,,조상환,하치덕,철도시설과,종료
DCTD36FBD413C60B3E07E31DAF240B8D39E,P,N,Y,7860,철도시설과 부서직원 격려 간담회 개최,2025.09.02,,조상환,하치덕,철도시설과,종료
ENF6E5AA9F749483E3D5F4D16ACBAB2EF5E,R,N,Y,7849,CS리더 정비를 위한 명단 제출 요청,2025.09.02,부산광역시 통합민원과,조상환,,철도시설과,담당확인
ENF9878DCF73DFC38DC73F5DB3F11C1F466,R,N,Y,7848,'25. 이러닝 자기개발 학습 설문조사 참여 협조,2025.09.02,부산광역시인재개발원 전문교육과,조상환,,철도시설과,담당확인
ENFCA259268FC2C008C5657FF3483CDF257,R,N,Y,7847,중앙부처 법령 제·개정안 의견 조회(영농형 태양광 발전사업 활성화를 위한 특별법안 등 15건),2025.09.02,부산광역시 법무담당관,조상환,,철도시설과,담당확인
ENF4E0D814999D62750ED3866BED71A3847,R,N,Y,7846,강원 강릉시 가뭄 관련 지원급수 가용자원(살수차 등) 파악,2025.09.02,부산광역시 자연재난과,조상환,,철도시설과,담당확인
ENF720026CD42D673C294122947D2EC8B41,R,N,Y,7845,「지방공무원 복무에 관한 예규」개정안 의견조회,2025.09.02,부산광역시 인사과,조상환,,철도시설과,담당확인
ENF984BE031F19CAA13896BFB69D8EED7C8,R,N,Y,7842,부산시보「부산이라 좋다」2025년 9월호 발간 안내,2025.09.02,부산광역시 미디어담당관,조상환,,철도시설과,담당확인
ENF69719C7A994C682604EE7F72BAF46276,R,N,Y,7841,9월 중 공무원 AI활용 역량강화 교육(중급) 참석대상자 알림,2025.09.02,부산광역시 정보화정책과,조상환,,철도시설과,담당확인
ENF2DFFC3916EFE1E0BDFAE2914CAF40DFD,R,N,Y,7840,「2025 추석 연휴 생활정보 안내」사이트 운영을 위한 자료 제출 요청,2025.09.02,부산광역시 홍보담당관,조상환,,철도시설과,담당확인
ENFAAA848DCD9EB35648E3DDCBC83AF1CFD,R,N,Y,7839,의원발의「산업안전보건법」일부개정법률안에 대한 관계부서 의견조회,2025.09.02,부산광역시 일자리노동과,조상환,,철도시설과,담당확인
DCT934F9283E960D5751EE162FE46296FFB,P,N,Y,7843,도시철도사업특별회계 보통예금계좌 입·출금 거래내역서 발급 요청,2025.09.02,국민은행 부산시청지점장,조상환,하치덕,철도시설과,발송
ENFB459501866ADA8951F99B019E3AEAB38,R,N,Y,7838,2025년 「미디어로 이해하는 폭력예방교육」 실시 알림 및 참석대상자 명단 제출 협조 요청,2025.09.02,부산광역시 권익보호담당관,조상환,,철도시설과,담당확인
DCT8E369DAB678D2C6774EBDAE0C6B3D926,P,N,Y,7844,서면질문 답변자료 제출(240),2025.09.02,기획담당관,한혜윤,하치덕,철도시설과,발송
ENF2628736DCB8ABDCF2A2F2C963BDAA74E,R,N,Y,7837,제5회 의회아카데미 참석자 명단 알림,2025.09.02,부산광역시의회 의정담당관,조상환,,철도시설과,담당확인
ENF4066ABBA92F3C684CD7EFBB26CD30991,R,N,Y,7836,모바일 현장행정 앱(스마트세외수입) 설명회 추진 계획 안내 및 참석 명단제출 요청,2025.09.02,부산광역시 세정정책담당관,조상환,,철도시설과,담당확인
ENF09EFEAFB415FDDE95D67AFEDD71239C7,R,N,Y,7835,직원 감염병 교육 이수 협조 요청,2025.09.02,부산광역시 감염병관리과,조상환,,철도시설과,담당확인
ENF4422A001F61628CF1F63EA21BF35D070,R,N,Y,7834,2025년 자살예방교육 이수 독려 협조 요청,2025.09.02,부산광역시 건강정책과,조상환,,철도시설과,담당확인
ENF370C9CCA957A86E5AFBFD5E113D4D531,R,N,Y,7833,「'부산의 미래를 논하다' 글로벌허브특별법으로 열어가는 북극항로 시대」국회 토론회 개최시간 변경 알림,2025.09.02,부산광역시 기획담당관,조상환,,철도시설과,담당확인
ENFC095107CD8BBF63937FD70401ECCC832,R,N,Y,7832,제안서 평가위원 후보자 추천 요청[2025 대한민국 지방시대 엑스포 부산시 전시관 설치·운영 용역],2025.09.02,부산광역시 기획담당관,조상환,,철도시설과,담당확인
ENF174E14A5BD4AB58BEA563624C86C917A,R,N,Y,7831,부산광역시 보건의료산업 육성 및 지원에 관한 조례 일부개정조례안 의견조회,2025.09.02,부산광역시 바이오헬스과,조상환,,철도시설과,담당확인
ENF1B4CC3E8DC9E71027DDA77EFA14701EA,R,N,Y,7830,2025년 제2기 부산외국어대학교 외국어 위탁교육(출강) 수강생 모집 안내,2025.09.02,부산광역시 인사과,조상환,,철도시설과,담당확인
ENF91283D90F34FBE8BEE91B103A8A801F3,R,N,Y,7829,2025년 직원 독감 예방접종 지원계획 알림,2025.09.02,부산광역시 인사과,조상환,,철도시설과,담당확인
ENF1CF1B0B011056EBCC1CE8267624F1388,R,N,Y,7828,제331회 부산광역시의회 임시회 시정질문요지서 수정('25.9.1.) 송부,2025.09.02,부산광역시 기획담당관,이유경,,철도시설과,담당확인
ENF1A52405F9509227CCE4004D1E72F3364,R,N,Y,7826,2025년 반부패·청렴컨설팅(교육) 7~8월 참석자 명단 알림,2025.09.01,부산광역시 청렴담당관,조상환,,철도시설과,담당확인
ENF3CC048C9F1C3C586CE3C914393F35F01,R,N,Y,7825,2025년 9월 호봉 정기승급 및 근무연수 변동사항 알림,2025.09.01,부산광역시 인사과,조상환,,철도시설과,담당확인
ENF3CFED3E67E436246B91619E41269C270,R,N,Y,7824,강원 강릉시 가뭄 관련 재난사태 선포 알림,2025.09.01,부산광역시 자연재난과,조상환,,철도시설과,담당확인
ENFDDBA62F0302F7DA13D03F759DE584481,R,N,Y,7823,2025년 3분기 재난문자방송 사용기관 교육 참석 요청,2025.09.01,부산광역시 안전정책과,조상환,,철도시설과,담당확인
ENF1A93167C38D7A4F790EC5A0617E2BE37,R,N,Y,7822,서울시「지역상생홍보관」이용 홍보 신청 안내 ('25. 10월 송출),2025.09.01,부산광역시 홍보담당관,조상환,,철도시설과,담당확인
ENFE574599D34CC73E99D32ECA7C67D6095,R,N,Y,7821,청렴체감도 향상을 위한 청렴컨설팅(교육) 시간 변경 알림,2025.09.01,부산광역시 청렴담당관,조상환,,철도시설과,담당확인
ENF13EF972FA28B7921A63B2DB772D81DD5,R,N,Y,7820,「대구광역시 도시철도채권 조례 시행규칙」개정사항 안내 및 협조 요청,2025.09.01,대구광역시 철도시설과,조상환,,철도시설과,담당확인
ENF31B9DCE29D5C840C2B6F9BB9F427683E,R,N,Y,7818,중소기업 기술혁신 촉진계획 수립을 위한 자료 제출 요청,2025.09.01,부산광역시 산업정책과,조상환,,철도시설과,담당확인
ENF9DF5E6D70DBD1F63862EC24C5AE062DA,R,N,Y,7817,2025년 하반기 공무원 직무발명 신고 등 협조 안내,2025.09.01,부산광역시 연구개발과,조상환,,철도시설과,담당확인
ENF0588B1E75E632D507BE745C5A783F093,R,N,Y,7816,2025년 9월 정기예금 등 적용금리 알림,2025.09.01,부산광역시 세정정책담당관,조상환,,철도시설과,담당확인
ENF0F8EC45327849D4B2DD9B603E423B713,R,N,Y,7815,(긴급) 국회의원(김예지) 요구자료(점자 자료 제공 현황) 제출 요청,2025.09.01,부산광역시 문화예술과,김도완,,철도시설과,담당확인
DCTA32C742493D5D81A3C5027A014C6CF1E,P,N,Y,7819,2025년 도시철도사업특별회계 8월분 세입징수 보고,2025.09.01,,조상환,하치덕,철도시설과,종료
ENFE341769A15D74364D11D624B1DFD8ED4,R,N,Y,7814,「2025 부산 건축취업박람회」 개최 알림 및 홍보 협조,2025.09.01,부산광역시 건축정책과,조상환,,철도시설과,담당확인
ENF5BB77A4292E665A96F7BC44E6A7DD887,R,N,Y,7813,양산도시철도 건설사업 공정보고서 제출(2025년 8월),2025.09.01,부 산 교 통 공 사 부산교통공사,김소연,,철도시설과,접수
ENF7A4C4857314BD1FC6C7452971508DC64,R,N,Y,7812,「2025 부울경 토목컨벤션」상시학습 인정 알림,2025.09.01,부산광역시 기술심사과,조상환,,철도시설과,담당확인
ENFD4602DD9D10252B2DC442BE1FB72BD33,R,N,Y,7811,시-교육청 협력에 관한 업무추진 절차 알림,2025.09.01,부산광역시 창조교육과,조상환,,철도시설과,담당확인
ENFD90F89180162ACF78A80BE0B108FA4B3,R,N,Y,7810,2025년 친환경 교통주간 운영계획 알림,2025.09.01,부산광역시 탄소중립정책과,조상환,,철도시설과,담당확인
ENF743D278529319FAE1FEDC268581B1872,R,N,Y,7809,「정지선셰프와 함께하는 부산청춘고민상담소」개최 알림 및 홍보 요청,2025.09.01,부산광역시 청년정책과,조상환,,철도시설과,담당확인
ENF6193AED431610192AA91B5DE36643640,R,N,Y,7808,부산광역시 영어신문 「Busan is good」 2025년 9월호 발간 안내,2025.09.01,부산광역시 미디어담당관,조상환,,철도시설과,담당확인
ENFB9B7D32F2C1B10799657F95037348046,R,N,Y,7807,2026년 市 자체 신규 노인일자리사업 발굴·추진을 위한 수요조사 실시 알림,2025.09.01,부산광역시 노인복지과,조상환,,철도시설과,담당확인
ENF7BA766A65322DC45EB02CEC586B06ABB,R,N,Y,7806,중앙부처 법령 제·개정안 의견 조회(전자상거래법 등 22건),2025.09.01,부산광역시 법무담당관,조상환,,철도시설과,담당확인
ENF8A3F96BC78209702484BF02116538DE2,R,N,Y,7805,중앙부처 법령 제·개정안 의견 조회(소상공인법 등 20건),2025.09.01,부산광역시 법무담당관,조상환,,철도시설과,담당확인
ENFF941A2A835184697FEA167613C90AEB3,R,N,Y,7804,중앙부처 법령 제·개정안 의견 조회(응급의료법 등 22건),2025.09.01,부산광역시 법무담당관,조상환,,철도시설과,담당확인
ENF074251C54D64F574EBECB7842EB42800,R,N,Y,7803,「제5차('26~'28) 공공데이터 제공 및 이용 활성화에 관한 기본계획」수립을 위한 설명회 참석 및 기관별 부문계획 작성 협조(일정 변경),2025.09.01,부산광역시 빅데이터과,조상환,,철도시설과,담당확인
ENFE431DC48EAC7B16B105B24F8DA87F036,R,N,Y,7802,[긴급]국회의원 요구자료 제출 요청(김도읍),2025.09.01,부산광역시 자치행정과,김석용,,철도시설과,담당확인
ENF49B3CA5DF8D2783E536A61A4984EC940,R,N,Y,7801,국회의원 요구자료 제출 요청(박성훈),2025.09.01,부산광역시 자치행정과,김도완,,철도시설과,담당확인
DCT6FEEFD23F3F724F6392107E9A4C0A661,P,N,Y,7827,출장결과 보고,2025.09.01,,권병기,임경모,철도시설과,종료
DCT430E426E94387323EDEE4E3F04074B3E,P,N,Y,7800,신고(1AD-2507-0000859) 처리결과 안내,2025.09.01,,김소연,하치덕,철도시설과,종료
ENFE9A5A1C6D51E82AC05FFD83C646B6A14,R,N,Y,7798,2025 기후산업국제박람회「에너지 슈퍼 위크 부산 컨퍼런스」상시학습 인정 알림,2025.09.01,부산광역시 미래에너지산업과,조상환,,철도시설과,담당확인
DCT237E07A4436270F49125095CF46D3B80,P,N,Y,7799,2025년 3분기 지역개발기금 융자금 원리금 납부,2025.09.01,회계재산담당관,조상환,하치덕,철도시설과,발송
ENF80B5C247F08FEF465672E9CA2365AE4A,R,N,Y,7797,'25년 9월「개인정보보호의 날」운영 알림,2025.09.01,부산광역시 정보화정책과,조상환,,철도시설과,담당확인
ENFBF57E813EED9E9DFFF58B0E4B6D80383,R,N,Y,7796,정보공개 청구에 따른 자료제출 요청(접수번호 15129841),2025.09.01,부산광역시 일자리노동과,조상환,,철도시설과,담당확인
ENF9D34C2DFFD744CF2BDA1E7B47F81A973,R,N,Y,7795,시정 현안 추진을 위한 TF팀 신설 알림,2025.09.01,부산광역시 조직담당관,조상환,,철도시설과,담당확인
ENF29BCE39690136C728F99EB82BEB471B9,R,N,Y,7794,2025년 3분기 지역개발기금 융자원리금 납부 요청,2025.09.01,부산광역시 예산담당관,조상환,,철도시설과,담당확인
ENFF220E737E2D41796691DC699E9513B35,R,N,Y,7793,지반 건설기준(KDSKCS 11 00 00) 개정(안)에 대한 의견조회,2025.09.01,부산광역시 기술심사과,조상환,,철도시설과,담당확인
ENF3169D3DE2E0D614A6A7DC6EF3009E399,R,N,Y,7792,2025년 시민사회단체 공익활동 공모사업 보조금 중복지원 확인 요청,2025.09.01,부산광역시 환경정책과,조상환,,철도시설과,담당확인
ENFB2199D69BEC5BA3927DDB65C1B57CD0E,R,N,Y,7791,민원 빅데이터 동향 「국민의 소리」제832호 알림,2025.09.01,부산광역시 통합민원과,조상환,,철도시설과,담당확인
ENFD627D7621AD22E8AAB78BBB74846D677,R,N,Y,7790,비영리법인 설립허가 신청에 따른 동일명칭 사용여부 조회(사상신문사),2025.09.01,부산광역시 공보담당관,조상환,,철도시설과,담당확인
ENF6F0393D037C382775119A484E8734B46,R,N,Y,7789,2025년도 9월 녹색제품 구매실적 수정요청 접수 알림,2025.09.01,부산광역시 환경정책과,조상환,,철도시설과,담당확인
ENF1ECD7C5465758C4926F8E29E76251F06,R,N,Y,7788,「전기안전관리법 시행령」일부개정령안 의견 조회,2025.09.01,부산광역시 미래에너지산업과,조상환,,철도시설과,담당확인
ENF99A8E5A511C2144278BA895F3FF12136,R,N,Y,7787,2025년 7월 국내인구이동통계 자료 송부,2025.09.01,부산광역시 빅데이터과,조상환,,철도시설과,담당확인
ENF6A43BD02D32400E3B43B495A537E0957,R,N,Y,7786,8.31~9.2일 호우 대비 안전관리 철저,2025.09.01,부산광역시 자연재난과,조상환,,철도시설과,담당확인
ENFA159CA46A0EF9F488EB0F368C35D9DE1,R,N,Y,7785,시청사 후문 입구 전자현수막 송출용 영상 제작 기준 알림,2025.09.01,부산광역시 총무과,조상환,,철도시설과,담당확인
ENFE8034CCB7577BB834D9D7E7D51D567CC,R,N,Y,7784,제안서 평가위원회 후보자 등록 신청(조**),2025.08.29,조**,최세운,,철도시설과,담당확인
ENF0546C385CDA55DA0396B3118D83F68BE,R,N,Y,7783,제331회 부산광역시의회 임시회 시정질문요지서 재수정 송부,2025.08.29,부산광역시 기획담당관,이유경,,철도시설과,담당확인
ENFEC0CC4CAB898FB46196CB612AFB69F42,R,N,Y,7782,사업시행계획변경(4차)인가 사항 보고(알림)(우동2 재개발사업),2025.08.29,해운대구 건축과,조상환,,철도시설과,담당확인
ENFC85CF19513FDD2B80326D444930BF025,R,N,Y,7781,의원발의「해운법」일부개정법률안 의견조회,2025.08.29,부산광역시 해운항만과,조상환,,철도시설과,담당확인
ENF88C5C1D3D6EBF4D22475E41E1F0C266F,R,N,Y,7780,제안서 평가위원회 후보자 등록 신청(이**),2025.08.29,이**,최세운,,철도시설과,담당확인
ENFD018FB2BF727534D67E0E70D56AD8B87,R,N,Y,7779,「2025년 데이터 유통·활용 제도 지역설명회」개최 안내,2025.08.29,부산광역시 빅데이터과,조상환,,철도시설과,담당확인
ENF01A126618CA9A72808342965D846B4CF,R,N,Y,7778,하반기 공무원 공모제안 실시 알림,2025.08.29,부산광역시 조직담당관,조상환,,철도시설과,담당확인
ENF67A812BFAC18F6A1B92438A75EEFC939,R,N,Y,7777,2026년도('25년 실적) 재난관리평가 지표 알림,2025.08.29,부산광역시 자연재난과,조상환,,철도시설과,담당확인
ENF3805543CD2D70B0A9DE4146E1744E8CA,R,N,Y,7776,2025년 시정 주요사업 정비대상 알림,2025.08.29,부산광역시 조직담당관,이유경,,철도시설과,담당확인
ENF82E01823AB0A048EEA5B63224C55AEC8,R,N,Y,7775,제안서 평가위원회 후보자 등록 신청(도**),2025.08.29,도**,최세운,,철도시설과,담당확인
ENFF5DBFAE634D7C082FD8F47F80DC31A58,R,N,Y,7774,제안서 평가위원회 후보자 등록 신청(김**),2025.08.29,김**,최세운,,철도시설과,담당확인
ENFAF9622B45558637CCD653F8EBB512817,R,N,Y,7773,제안서 평가위원회 후보자 등록 신청(김**),2025.08.29,김**,최세운,,철도시설과,담당확인
ENF6AA1DD1109106EBCB9DAAB5E6C9F2213,R,N,Y,7772,제안서 평가위원회 후보자 등록 신청(김**),2025.08.29,김**,최세운,,철도시설과,담당확인
ENFAD17C99D09D9CDCD87D9245DC4E56D15,R,N,Y,7771,'25년 재난관리기금 보조금 등 타기관 교부예산 정산계획 제출요청,2025.08.29,부산광역시 자연재난과,김소연,,철도시설과,담당확인
ENF9E52F08ADBAE1F104B5AF36A92C3DAB3,R,N,Y,7769,「2025년 시민사회단체 공익활동 공모사업」보조금 중복지원 확인 요청,2025.08.29,부산광역시 안전정책과,조상환,,철도시설과,담당확인
ENF54961F72B4FE0C2EF83C3F3951C064D8,R,N,Y,7768,「2025년 어린이 안전업무 유공」장관표창 대상자 추천 요청,2025.08.29,부산광역시 안전정책과,조상환,,철도시설과,담당확인
ENF6F8EC8CE197E8D797765D613C45CD1E9,R,N,Y,7765,부산광역시 사이버 위기대응 실무 매뉴얼 개정 배포,2025.08.29,부산광역시 정보화정책과,조상환,,철도시설과,담당확인
DCT35F0724E2B327DB06C37198BA4D4B846,P,N,Y,7767,「총사업비 관리지침」 대상사업 자체점검 결과 제출(8월),2025.08.29,대도시권광역교통위원회위원장(광역시설정책과장),김소연,하치덕,철도시설과,발송
ENF35F402215A7BE60E5852FBBC89187E4B,R,N,Y,7764,2025년 시민사회단체 공익활동 공모사업 보조금 중복지원 확인 요청,2025.08.29,부산광역시 복지정책과,조상환,,철도시설과,담당확인
DCT0107B51DC9ADFB712D6A57968EC567C2,P,N,Y,7770,"총사업비 조정(30차,보완) 결과 보고",2025.08.29,,김소연,임경모,철도시설과,종료
ENF89F551041AE8AA88699AF0FBF9C1A583,R,N,Y,7763,제안서 평가위원회 후보자 등록 신청(김**),2025.08.29,김**,최세운,,철도시설과,담당확인
ENFC93B8991F08853E7D06519F54F34B612,R,N,Y,7762,제안서 평가위원회 후보자 등록 신청(류**),2025.08.29,류**,최세운,,철도시설과,담당확인
DCT1875246B5A0EBBA6E6D71FCB9AAE468E,P,N,Y,7766,국회의원 요구자료 제출(김희정),2025.08.29,자치행정과장,김도완,하치덕,철도시설과,발송
ENF7DE4783FE66E48E57EF461453EDE0A06,R,N,Y,7761,'25. 9월 이러닝 자기개발 학습 교육 및 활성화 이벤트(변경) 안내,2025.08.29,부산광역시인재개발원 전문교육과,조상환,,철도시설과,담당확인
ENFC67359EB286C6051F2ABB36DC7C80CB8,R,N,Y,7760,개인정보 유출 예방 조치 및 사고 발생시 대응 조치 안내,2025.08.29,부산광역시 정보화정책과,조상환,,철도시설과,담당확인
ENFADB7F202EBC05A8A0EA02E4824E9B2D0,R,N,Y,7759,지방행정제재·부과금의 징수 등에 관한 법률 일부개정법률안 의견 조회,2025.08.29,부산광역시 세정정책담당관,조상환,,철도시설과,담당확인
ENFF72F11ADED9B6C47070C8659EE7D0456,R,N,Y,7758,도급·용역·위탁사업 안전보건 확보의무 담당자 업무협의 명단 제출 요청,2025.08.29,부산광역시 중대재해예방과,조상환,,철도시설과,담당확인
ENF4872469D32238C19730DCC07186981E8,R,N,Y,7757,공공부문 중대재해 발생 주요 작업·유형별 맞춤형 안전가이드 배포,2025.08.29,부산광역시 중대재해예방과,조상환,,철도시설과,담당확인
ENF3C03AB1015BDC76632AB174507365EA9,R,N,Y,7756,제안서 평가위원회 후보자 등록 신청(박**),2025.08.29,박**,최세운,,철도시설과,담당확인
ENF58B9F30AC74CB701FA3413270596AA0C,R,N,Y,7755,제안서 평가위원회 후보자 등록 신청(반**),2025.08.29,반**,최세운,,철도시설과,담당확인
ENF4E5FA215364EFFE8B3DFB114E15C18F9,R,N,Y,7754,제안서 평가위원회 후보자 등록 신청(이*),2025.08.29,이*,최세운,,철도시설과,담당확인
ENFBED77B278F3DB5520E636BDF21142D9A,R,N,Y,7753,제안서 평가위원회 후보자 등록 신청(전**),2025.08.29,전**,최세운,,철도시설과,담당확인
ENFCD6000CF54458127390026A7E4799F28,R,N,Y,7752,제안서 평가위원회 후보자 등록 신청(주**),2025.08.29,주**,최세운,,철도시설과,담당확인
ENF33C63BE3017E741571F85F4F9798A02D,R,N,Y,7751,제안서 평가위원회 후보자 등록 신청(문**),2025.08.29,문**,최세운,,철도시설과,담당확인
ENF8F5DC685A8890EB8C0A1C21F67741648,R,N,Y,7750,2025년 3분기 소비·투자  집행 목표액 알림 및 집행목표 달성 협조,2025.08.29,부산광역시 예산담당관,조상환,,철도시설과,담당확인
ENF198C3F91A3260CB17BC6DA7DE78AE9B0,R,N,Y,7749,"2025년 통합지방재정시스템(e호조+, 보탬e) 고객만족도 조사 실시 안내",2025.08.29,부산광역시 예산담당관,조상환,,철도시설과,담당확인
ENFDF2540FBC3D05F3F16F64FA4108D7DE4,R,N,Y,7748,「지방자치단체 회계관리에 관한 훈령」개정 수요 조사 협조 요청,2025.08.29,부산광역시 회계재산담당관,조상환,,철도시설과,담당확인
ENFE8BEA22096009FE92F7121E515CF39CA,R,N,Y,7747,「2025년 직원 성인지 특별교육」  대면교육(9월 1차) 실시 알림,2025.08.29,부산광역시 여성가족과,조상환,,철도시설과,담당확인
ENFC91727D61428267934C81EFF1C63552B,R,N,Y,7746,"[집합, 사이버] 2025년 10월 중 교육훈련기관(산림, 조달 분야 등) 교육대상자 선발 안내",2025.08.29,부산광역시 인사과,조상환,,철도시설과,담당확인
ENF3AFD6561422087897ED95F05435726E1,R,N,Y,7745,제안서 평가위원회 후보자 등록 신청(박**),2025.08.29,박**,최세운,,철도시설과,담당확인
ENFD5D76843A355EF30C3FC38FD00E49557,R,N,Y,7744,제안서 평가위원회 후보자 등록 신청(장**),2025.08.29,장**,최세운,,철도시설과,담당확인
ENFD7F86EB7F95CFEB784FDE79AA556B4AA,R,N,Y,7743,제안서 평가위원회 후보자 등록 신청(정**),2025.08.29,정**,최세운,,철도시설과,담당확인
ENF0520F2A6E4843995F08E4E73A19C8B99,R,N,Y,7742,제안서 평가위원회 후보자 등록 신청(오**),2025.08.29,오**,최세운,,철도시설과,담당확인
ENFC1120E5AA9E302A99068FB66EBC479B9,R,N,Y,7741,제안서 평가위원회 후보자 등록 신청(정**),2025.08.29,정**,최세운,,철도시설과,담당확인
ENFA7A1A1674BA6C13C77C8170FECFC96AD,R,N,Y,7740,제안서 평가위원회 후보자 등록 신청(김**),2025.08.29,김**,최세운,,철도시설과,담당확인
ENFF51B77235F7EE88A16F589EEEF2BCB53,R,N,Y,7738,부산도시계획정보지(제48호) 발간 알림,2025.08.29,부산광역시 도시공간계획과,조상환,,철도시설과,담당확인
ENFA4517115A0CC844E2E657CAA90412C0C,R,N,Y,7737,폭염재난 대처상황 점검회의 개최 결과 알림,2025.08.29,부산광역시 자연재난과,조상환,,철도시설과,담당확인
ENFC3241365784B1D98F272BEFD6002C105,R,N,Y,7736,의원 발의 「하도급거래 공정화에 관한 법률 일부개정법률안」 의견 조회,2025.08.29,부산광역시 건설행정과,조상환,,철도시설과,담당확인
ENFBF28B8F89F9BA80D1EA08F7D7204CBDB,R,N,Y,7735,대학입학 설명회 관련 유의사항 안내,2025.08.29,부산광역시 창조교육과,조상환,,철도시설과,담당확인
ENFB36834A23F41370E1F1CB0205302E442,R,N,Y,7734,녹색건축물 조성 지원법 일부개정법률안(한준호 의원 대표발의) 의견조회,2025.08.29,부산광역시 건축정책과,조상환,,철도시설과,담당확인
DCT998C570216DEF2891764E2E2C65FCC74,P,N,Y,7739,양산 도시철도(노포~북정) 건설사업 공람공고 게재 의뢰,2025.08.29,미디어담당관,김소연,하치덕,철도시설과,발송
ENF811022294CD385CD6F9F45A1F40FC9A9,R,N,Y,7733,「12·29여객기참사 피해구제 및 지원 등을 위한 특별법」 일부개정법률안 의견 조회,2025.08.29,부산광역시 공항기획과,조상환,,철도시설과,담당확인
ENFBAC59B71BBD444655D42014E155A0DD4,R,N,Y,7732,「가공배전선로의 지중이설사업 운영기준」개정(안)에 대한 의견 조회,2025.08.29,부산광역시 미래에너지산업과,조상환,,철도시설과,담당확인
ENF19B6B1AF54CC9BA18708F4A5B08F0772,R,N,Y,7731,박지혜의원 대표발의 「전기사업법 일부개정법률안」의견 조회,2025.08.29,부산광역시 미래에너지산업과,조상환,,철도시설과,담당확인
ENF30996EBAD2EB2D15EB60E51CBC4A2309,R,N,Y,7728,지방자치 관련 국회 의원입법 발의현황 알림(7월),2025.08.29,부산광역시 법무담당관,조상환,,철도시설과,담당확인
DCTA4AA5CB321F1757892014A4F81FFF7BF,P,N,Y,7729,2025년도 고객만족도 조사 시행에 따른 고객명단 제출 요청 회신,2025.08.29,통합민원과장,조상환,하치덕,철도시설과,발송
ENF6B7767A31D2F7BA5EE866C32B54B09F0,R,N,Y,7727,갈맷길 걷기여행 앱 고도화 완료 및 홍보 이벤트 알림(기간 연장),2025.08.29,부산광역시 공원여가정책과,조상환,,철도시설과,담당확인
ENFB2838F205A48FA97999352334167FBEB,R,N,Y,7724,제안서 평가위원회 후보자 등록 신청(신**),2025.08.28,신**,최세운,,철도시설과,담당확인
ENF90F87728270F2807938B589ADBFF324E,R,N,Y,7723,제안서 평가위원회 후보자 등록 신청(엄**),2025.08.28,엄**,최세운,,철도시설과,담당확인
ENF56472B0EF69EF2454164A5082FFE0D5A,R,N,Y,7722,제안서 평가위원회 후보자 등록 신청(장**),2025.08.28,장**,최세운,,철도시설과,담당확인
ENF3C6664E6EBD69C6D2FC94EC2D1C953A5,R,N,Y,7721,제안서 평가위원회 후보자 등록 신청(김**),2025.08.28,김**,최세운,,철도시설과,담당확인
ENFF30EBBBD697FC1DB1A04212350A23D09,R,N,Y,7720,제안서 평가위원회 후보자 등록 신청(한**),2025.08.28,한**,최세운,,철도시설과,담당확인
ENFA5780BD7B7465EBFC209A59242188B29,R,N,Y,7719,제안서 평가위원회 후보자 등록 신청(이**),2025.08.28,이**,최세운,,철도시설과,담당확인
ENF834D4750DA2A17AB8B5084573C514F26,R,N,Y,7718,제안서 평가위원회 후보자 등록 신청(배**),2025.08.28,배**,최세운,,철도시설과,담당확인
ENFB5BA804F2AF6CED854AAB76137A342F2,R,N,Y,7717,「행정안전부 보안업무규정 시행세칙」일부개정안에 대한 의견 조회,2025.08.28,부산광역시 총무과,조상환,,철도시설과,담당확인
ENFC24F349B7963F4BA19C94198D56A65CD,R,N,Y,7716,「제46회 부산시민의 날」관련 행사계획 파악 협조 요청,2025.08.28,부산광역시 총무과,조상환,,철도시설과,담당확인
ENF0E4AFA543E6AFE944BD8112164E68E3D,R,N,Y,7715,「지하안전관리에 관한 특별법」일부개정법률안(김대식의원) 의견 조회,2025.08.28,부산광역시 도로안전과,조상환,,철도시설과,담당확인
ENFF0F53909F0FD9FE313C0334D8FFBEA54,R,N,Y,7714,2025년도 적극행정국민신청 유공 포상후보자 추천 요청,2025.08.28,부산광역시 조직담당관,조상환,,철도시설과,담당확인
ENF34B126E84F189129FD2084DA06D39264,R,N,Y,7713,건설공사 사후평가 워크숍 개최 안내 및 참석 요청,2025.08.28,부산광역시 기술심사과,조상환,,철도시설과,담당확인
ENF16D0FEF5711C122B7C036693482A9AF1,R,N,Y,7712,법원문서 통보(간이회생 등 10건),2025.08.28,부산광역시 세정운영담당관,조상환,,철도시설과,담당확인
ENFED775AA197B810AC04531B2D788FA0FC,R,N,Y,7711,용역 선금지급 결정 알림[북부산 노포역 일원 종합개발 마스터플랜 수립용역(1차)],2025.08.28,부산광역시 회계재산담당관,김원영,,철도시설과,담당확인
DCTC2278FA23E9E24DE2F0ECA8C68E1DE43,P,N,Y,7725,"「도시철도 사상~하단선 건설사업」총사업비 조정(자율 제30차,보완) 결과(승인) 통보",2025.08.28,부산교통공사사장,김소연,하치덕,철도시설과,발송
DCT3C3AF59FDD86BFD4EE7B157F7A8E6E20,P,N,Y,7726,민원(1BA-2508-0739498) 처리결과 안내,2025.08.28,,김도완,하치덕,철도시설과,종료
DCTF2068758CA9F657DE6263279AFECC3B3,P,N,Y,7730,민원(1AA-2508-0884256) 처리결과 안내,2025.08.28,,김도완,하치덕,철도시설과,종료
DCT9F63D30650952258A4B9C78313D9E0E4,P,N,Y,7710,제330회 부산광역시의회 임시회 부의안건 수정 제출,2025.08.28,기획담당관,김소연,하치덕,철도시설과,발송
ENF00654AB3E5D2C747D8B7F4CFE25A8E1C,R,N,Y,7709,제안서 평가위원회 후보자 등록 신청(엄**),2025.08.28,엄**,최세운,,철도시설과,담당확인
ENFFBFB2A1E3D20612D4F3A63BB05B8B018,R,N,Y,7708,제안서 평가위원회 후보자 등록 신청(임**),2025.08.28,임**,최세운,,철도시설과,담당확인
ENFCDB4A8A9F0E5B1EAC5C30338C1243FD3,R,N,Y,7707,제안서 평가위원회 후보자 등록 신청(양**),2025.08.28,양**,최세운,,철도시설과,담당확인
ENF740CB4852DC6C56A5CF072EA20262511,R,N,Y,7706,제안서 평가위원회 후보자 등록 신청(안**),2025.08.28,안**,최세운,,철도시설과,담당확인
ENF3EFEED1B8C536AD66C1BB590599614D4,R,N,Y,7705,제안서 평가위원회 후보자 등록 신청(하**),2025.08.28,하**,최세운,,철도시설과,담당확인
ENFDE1E299E4AEB900EE563B1BF6C48F7CC,R,N,Y,7704,제안서 평가위원회 후보자 등록 신청(최**),2025.08.28,최**,최세운,,철도시설과,담당확인
ENFDF294985B7F3A240F59CA305B3E33237,R,N,Y,7703,제안서 평가위원회 후보자 등록 신청(박**),2025.08.28,박**,최세운,,철도시설과,담당확인
ENF6EA261DE8A50D54D010A81306CD9D3ED,R,N,Y,7702,제안서 평가위원회 후보자 등록 신청(이**),2025.08.28,이**,최세운,,철도시설과,담당확인
ENF4E728E72304828213B22DBB3951E1E0A,R,N,Y,7701,제안서 평가위원회 후보자 등록 신청(서**),2025.08.28,서**,최세운,,철도시설과,담당확인
ENFC254A92CF2B71D0EBBFBDBA480088E6B,R,N,Y,7700,제안서 평가위원회 후보자 등록 신청(박**),2025.08.28,박**,최세운,,철도시설과,담당확인
ENF1F13C1FCC5BC6423B2E72E14B7A25CB3,R,N,Y,7699,제안서 평가위원회 후보자 등록 신청(정**),2025.08.28,정**,최세운,,철도시설과,담당확인
ENF4385F7692B255185C396EA19F622F1DC,R,N,Y,7698,제안서 평가위원회 후보자 등록 신청(김**),2025.08.28,김**,최세운,,철도시설과,담당확인
ENF7E45AFDBAC1319DBC2AC5EEEE6DFDB5D,R,N,Y,7697,제안서 평가위원회 후보자 등록 신청(최**),2025.08.28,최**,최세운,,철도시설과,담당확인
ENF01E8C9B0FB146AB932C4B2E3645E5BD8,R,N,Y,7696,공공서비스 등록관리시스템에 미등록한 공공서비스 등록 요청,2025.08.28,부산광역시 정보화정책과,조상환,,철도시설과,담당확인
ENF087F2A21E6CBC2C296A13EBB82610193,R,N,Y,7695,부산광역시 등록인구통계 공표 알림(2025.7월),2025.08.28,부산광역시 빅데이터과,조상환,,철도시설과,담당확인
ENF7A614869105574FE0327A2C824F40647,R,N,Y,7694,2025년 9월 부산시인재개발원 나라배움터 이러닝학습 운영 안내,2025.08.28,부산광역시인재개발원 전문교육과,조상환,,철도시설과,담당확인
ENFE88BC8C53FAF331441351423DC00C401,R,N,Y,7693,'25년 추석 명절 대비 임금체불 예방 및 조기청산 지원 협조 요청,2025.08.28,부산광역시 일자리노동과,조상환,,철도시설과,담당확인
ENF8F33BA892E8548B811B06E99EE9B1A14,R,N,Y,7692,2025년 9월 5·6급승진대상자 역량개발교육 추가모집 안내(2차),2025.08.28,부산광역시 인사과,조상환,,철도시설과,담당확인
ENFDDE5C22D951A3D20FA45BDA8F2E869EB,R,N,Y,7691,중앙부처 법령 제·개정안 의견 조회(기상법 등 19건),2025.08.28,부산광역시 법무담당관,조상환,,철도시설과,담당확인
ENF020D2ABD52AE0782946DDBCB4C16071C,R,N,Y,7690,제331회 부산광역시의회 임시회 시정질문요지서 수정 송부,2025.08.28,부산광역시 기획담당관,이유경,,철도시설과,담당확인
ENF7129B80518079163FED36EF018DBBBEB,R,N,Y,7689,제안서 평가위원회 후보자 등록 신청(권**),2025.08.28,권**,최세운,,철도시설과,담당확인
ENFBD3E91D665DCE018A6D8FB63E625B42C,R,N,Y,7688,제안서 평가위원회 후보자 등록 신청(이**),2025.08.28,이**,최세운,,철도시설과,담당확인
ENFE8B133F509BA83627516456DD6EA0371,R,N,Y,7687,제안서 평가위원회 후보자 등록 신청(한**),2025.08.28,한**,최세운,,철도시설과,담당확인
ENF815430973CE241689270765DD747295E,R,N,Y,7686,제안서 평가위원회 후보자 등록 신청(박**),2025.08.28,박**,최세운,,철도시설과,담당확인
ENF6062CF046CC0C7FC3575E919195263C5,R,N,Y,7685,제안서 평가위원회 후보자 등록 신청(임**),2025.08.28,임**,최세운,,철도시설과,담당확인
ENF148A0EAFEC28D3ED06AD6D3A90FBF7AD,R,N,Y,7684,제안서 평가위원회 후보자 등록 신청(배**),2025.08.28,배**,최세운,,철도시설과,담당확인
ENF19AFBDBDEA4317722005EA57E77228DE,R,N,Y,7683,제안서 평가위원회 후보자 등록 신청(황**),2025.08.28,황**,최세운,,철도시설과,담당확인
ENFB74651C9673F2306F87E8D8F92571F80,R,N,Y,7682,제안서 평가위원회 후보자 등록 신청(박**),2025.08.28,박**,최세운,,철도시설과,담당확인
ENF083D847B532DE8BC156B163647792B75,R,N,Y,7681,제안서 평가위원회 후보자 등록 신청(여**),2025.08.28,여**,최세운,,철도시설과,담당확인
ENFD5294B6150C49B884FA2B528684F4639,R,N,Y,7680,제안서 평가위원회 후보자 등록 신청(류**),2025.08.28,류**,최세운,,철도시설과,담당확인
ENF9955AF549C0E3CA060C66CB8876F508B,R,N,Y,7679,제안서 평가위원회 후보자 등록 신청(도**),2025.08.28,도**,최세운,,철도시설과,담당확인
ENFC61F5E78A09F07741DE005E6EA0FEBD1,R,N,Y,7678,제안서 평가위원회 후보자 등록 신청(유**),2025.08.28,유**,최세운,,철도시설과,담당확인
ENFB467366B7CD1925F5094E06F2948ECDB,R,N,Y,7677,도로지반침하 특별대책 상설TF 회의(15차)결과관련 의견협의 회신,2025.08.28,사상구 건설과,김석용,,철도시설과,담당확인
ENF34C050C97249D8AE159BC87B4A7A2DCB,R,N,Y,7676,「공공영역 종사자 성인지 감수성 진단 조사」 공무원 대상 설문조사 협조 재요청(기간연장),2025.08.28,부산광역시 여성가족과,조상환,,철도시설과,담당확인
ENF623604ED192573BE237EFE2751C8ECAB,R,N,Y,7675,2025년도 공공 마이데이터 활용 서비스 추가 수요조사 안내(기간연장),2025.08.28,부산광역시 빅데이터과,조상환,,철도시설과,담당확인
ENF00EF5B6419E544211CFC37386FDB6DD1,R,N,Y,7674,행정안전부 AI·고가치 공공데이터 TOP100 선정 관련 수요조사 협조 요청,2025.08.28,부산광역시 빅데이터과,조상환,,철도시설과,담당확인
ENF3E9A26FB3C2BED60A76DAD7C4B4ED59E,R,N,Y,7673,「'부산의 미래를 논하다' 글로벌허브특별법으로 열어가는 북극항로 시대」국회 토론회 개최 알림,2025.08.28,부산광역시 기획담당관,조상환,,철도시설과,담당확인
ENF86AC2FCA715310C0525501E111181836,R,N,Y,7672,2025년 제3회 부산시의회 홈페이지 이벤트 홍보 및 참여 협조,2025.08.28,부산광역시의회 홍보담당관,조상환,,철도시설과,담당확인
ENF503381A757C5225921BAFC3B7410B08C,R,N,Y,7669,제안서 평가위원(후보자) 모집 공고에 따른 신청서류 제출,2025.08.28,부 산 교 통 공 사 부산교통공사,최세운,,철도시설과,담당확인
ENF8017A7D8F086DB2B4DFC574D92C9BCFD,R,N,Y,7668,2025년 규제혁신 우수사례 경진대회 개최 안내 및 우수사례 제출 요청,2025.08.28,부산광역시 조직담당관,조상환,,철도시설과,담당확인
ENF6DB6F4C8C648459FDA1CB2DEE4B9A354,R,N,Y,7667,양산도시철도 건설사업 사업계획(변경) 공람공고 협조요청,2025.08.28,부 산 교 통 공 사 부산교통공사,김소연,,철도시설과,담당확인
ENF2A84681AD2DF490A03B8CCB4074D79B0,R,N,Y,7666,제주특별자치도 자율주행산업 현재와 미래 및 실증사례 발표 세미나 안내,2025.08.28,부산광역시 교통혁신과,조상환,,철도시설과,담당확인
ENF217BD444728619EFE0042BE69310F9F8,R,N,Y,7665,제330회 부산광역시의회 임시회 전자회의록 홈페이지 게재 알림,2025.08.28,부산광역시의회 의사담당관,이유경,,철도시설과,담당확인
ENF29A60F5E57DBC6ECF75972F9AD787F2B,R,N,Y,7664,조달청 표준일위대가 제공 안내 및 협조 요청,2025.08.28,부산광역시 회계재산담당관,조상환,,철도시설과,담당확인
ENFF55B0DEE389EB5A2D37D96336006CC3A,R,N,Y,7663,경부선 철도지하화 통합개발 추진 관련 주민동의서 제출(북구),2025.08.28,부산광역시 북구 건설과,최세운,,철도시설과,담당확인
ENF72B25DD5D498AB9AE15543E9D6EAA1EE,R,N,Y,7661,제안서 평가위원(후보자) 모집 공고 건의[부산 항노화바이오산업육성 종합계획 수립 연구용역](수정),2025.08.28,부산광역시 바이오헬스과,조상환,,철도시설과,담당확인
ENFCCF334D0A5A9DFC033884C4ECE9ED05C,R,N,Y,7660,조달청 표준일위대가 제공 안내 및 협조 요청,2025.08.28,부산광역시 회계재산담당관,조상환,,철도시설과,담당확인
ENF17604C78CA247B90480FC47D9183043F,R,N,Y,7659,"[집합] 2025년 10월 중 교육훈련기관(농식품, 재정 분야 등) 교육대상자 선발 안내",2025.08.28,부산광역시 인사과,조상환,,철도시설과,담당확인
ENFA8718AD1EB9A82CA43B5DAF096D5FC56,R,N,Y,7658,2025「세븐브릿지 투어」관련 업무협조 요청사항 알림,2025.08.28,부산광역시 생활체육과,조상환,,철도시설과,담당확인
ENF4EB43446A5C27DBD45C3AD37AE6150D1,R,N,Y,7657,「부산 건설 미래 비전 컨퍼런스 행사」관련 협조 요청,2025.08.28,부산광역시 건설행정과,조상환,,철도시설과,담당확인
ENF8EE4E4C52595FC671955801A1CD5C53A,R,N,Y,7656,'지상철도 데크화를 위한 신형식 복개구조물' 기술성과발표회 및 공개시연회 알림,2025.08.28,한국철도기술연구원 철도구조연구실,한혜윤,,철도시설과,담당확인
DCTFBDA2224C1D8C51F99179B5D14F07ADB,P,N,Y,7671,용역 착수보고회 참석 요청(북부산 노포역 일원 종합개발),2025.08.27,"도시공간계획과장,건축정책과장,교통혁신과장...",김원영,하치덕,철도시설과,발송
DCT59CA3D7DD3A7F3D767B2288231410FD0,P,N,Y,7670,용역 착수보고회 개최 알림 및 준비 철저(북부산 노포역 일원 종합개발),2025.08.27,"(주)삼영기술,(주)태조엔지니어링,(주)나우컨설턴트...",김원영,하치덕,철도시설과,발송
ENF8017CD9DEF8E28322595025253132D46,R,N,Y,7655,제331회 부산광역시의회 임시회 시정질문요지서 송부,2025.08.27,부산광역시 기획담당관,이유경,,철도시설과,담당확인
ENF9CD1423039EB773534DA200DD5F32939,R,N,Y,7654,제안서 평가위원회 후보자 등록 신청(박**),2025.08.27,박**,최세운,,철도시설과,담당확인
ENF018310876C7F031ED55E15B7F2CDEED2,R,N,Y,7653,제안서 평가위원회 후보자 등록 신청(김**),2025.08.27,김**,최세운,,철도시설과,담당확인
ENF0674ECF711D84F8E5B4A3C476B8BE0CF,R,N,Y,7652,제안서 평가위원회 후보자 등록 신청(정**),2025.08.27,정**,최세운,,철도시설과,담당확인
ENF90D2560CFD36EF1AF7E868B2C6F6B311,R,N,Y,7651,제안서 평가위원회 후보자 등록 신청(정**),2025.08.27,정**,최세운,,철도시설과,담당확인
ENF11BDA7462E7650A7C0251AB8211A2D19,R,N,Y,7650,제안서 평가위원회 후보자 등록 신청(이**),2025.08.27,이**,최세운,,철도시설과,담당확인
ENF79ECBFB85B8AAA3EBF552664EC84B56A,R,N,Y,7649,제안서 평가위원회 후보자 등록 신청(김**),2025.08.27,김**,최세운,,철도시설과,담당확인
ENF526357FFCE8939652318138AC832615E,R,N,Y,7648,제안서 평가위원회 후보자 등록 신청(안**),2025.08.27,안**,최세운,,철도시설과,담당확인
ENFC4E827E99810DA6C26FA95F82B07DBD6,R,N,Y,7647,제안서 평가위원회 후보자 등록 신청(이**),2025.08.27,이**,최세운,,철도시설과,담당확인
ENF73EDECC2F4628F62C2134F3B511D0ECA,R,N,Y,7646,제안서 평가위원회 후보자 등록 신청(유**),2025.08.27,유**,최세운,,철도시설과,담당확인
ENFCDEC8E714E2746BB8D65AAA4D152BC28,R,N,Y,7645,제안서 평가위원회 후보자 등록 신청(문**),2025.08.27,문**,최세운,,철도시설과,담당확인
ENF2FB2E8BDAD3CF344FF2B28F6CF0E149F,R,N,Y,7644,제안서 평가위원회 후보자 등록 신청(박**),2025.08.27,박**,최세운,,철도시설과,담당확인
ENF43DC17F6199D1A2EB1FF4CC10180F7CF,R,N,Y,7643,제안서 평가위원회 후보자 등록 신청(이**),2025.08.27,이**,최세운,,철도시설과,담당확인
ENF81DB648FF809FC529784488242C61C0C,R,N,Y,7642,제안서 평가위원회 후보자 등록 신청(권**),2025.08.27,권**,최세운,,철도시설과,담당확인
ENFB77B5015F56CDA7D34DD8E0B9A2675D3,R,N,Y,7641,제안서 평가위원회 후보자 등록 신청(홍**),2025.08.27,홍**,최세운,,철도시설과,담당확인
ENF6E37943FE11F1D76E26889EF83642AEA,R,N,Y,7640,제안서 평가위원회 후보자 등록 신청(오**),2025.08.27,오**,최세운,,철도시설과,담당확인
ENFDC27F34938EABED35DF5F29A09D5B4B6,R,N,Y,7639,제안서 평가위원회 후보자 등록 신청(김**),2025.08.27,김**,최세운,,철도시설과,담당확인
ENF209363619CD18D882E9AD4FF7AD85C94,R,N,Y,7638,제안서 평가위원회 후보자 등록 신청(최**),2025.08.27,최**,최세운,,철도시설과,담당확인
ENFF2BACADE215822B627F2D8E60BAB752F,R,N,Y,7637,제안서 평가위원회 후보자 등록 신청(이**),2025.08.27,이**,최세운,,철도시설과,담당확인
ENFFA1F7D38013C512D64638D0D5675C161,R,N,Y,7636,제안서 평가위원회 후보자 등록 신청(김**),2025.08.27,김**,최세운,,철도시설과,담당확인
ENF86DABB95EF4D99E3BCEA26E2A87DB451,R,N,Y,7635,제안서 평가위원회 후보자 등록 신청(문**),2025.08.27,문**,최세운,,철도시설과,담당확인
ENF9EBA950D07FDD9EFA95946A52D315C46,R,N,Y,7633,'25년 상반기 지방보조금 부정수급 관리실적 작성 및 보탬e 입력 등 안내(본청),2025.08.27,부산광역시 재정협력담당관,조상환,,철도시설과,담당확인
ENFBF356C4FEB3A4D0ABB7D858B46DCF77C,R,N,Y,7632,2025년도 부산광역시 중소기업 자금지원계획 4차 변경 공고 알림,2025.08.27,부산광역시 경제정책과,조상환,,철도시설과,담당확인
ENF64BE32AF0EDF2164B15728FABC93CE4A,R,N,Y,7631,장애인 보조견 동반출입 관련 홍보 요청,2025.08.27,부산광역시 장애인복지과,조상환,,철도시설과,담당확인
ENFE957239198C54DA97EE810AA73773A8E,R,N,Y,7630,「인구감소지역 지원 특별법 시행령 일부개정령(안)」의견 조회,2025.08.27,부산광역시 인구정책담당관,조상환,,철도시설과,담당확인
ENFF0500CC1063B58752CBC6DE3AC5979AB,R,N,Y,7629,부산광역시 행정전화번호부 수정사항 확인 요청,2025.08.27,부산광역시 총무과,조상환,,철도시설과,담당확인
ENF9B23DC798A176E3BAEC44C5980ACD5BC,R,N,Y,7628,중대재해 예방을 위한 긴급 안전관리 강화 요청,2025.08.27,부산광역시 중대재해예방과,조상환,,철도시설과,담당확인
ENF3A650C92E1E7A599B4A95DD3A62AAC9D,R,N,Y,7627,「건설엔지니어링 및 시공 평가지침」일부개정안에 대한 의견 조회,2025.08.27,부산광역시 기술심사과,조상환,,철도시설과,담당확인
ENF665FEEBA7985DE22468F6E63D88D05C2,R,N,Y,7626,2025년 제10기 5급승진리더과정 교육대상자 알림,2025.08.27,부산광역시 인사과,조상환,,철도시설과,담당확인
ENFDE0EA54CEAA9A16523E71DD659ED8D78,R,N,Y,7625,2025년 9월(9.1. ~ 9.30.) 당직근무자 알림,2025.08.27,부산광역시 인사과,조상환,,철도시설과,담당확인
ENF66615FC944394D3A58792CB02F5C0BBF,R,N,Y,7624,2025년 9월 대우공무원 선발 알림,2025.08.27,부산광역시 인사과,조상환,,철도시설과,담당확인
ENF1AC805FFBA4C22953E8B780981317371,R,N,Y,7623,월간 「시민의 소리(’25.7월)」 민원 동향 알림,2025.08.27,부산광역시 통합민원과,조상환,,철도시설과,담당확인
ENF9AACB3FB67D1017C9CD5747B185934E3,R,N,Y,7622,2025년 전국(장애인)체전 시정홍보관 운영을 위한 홍보 자료 제출 협조 요청,2025.08.27,부산광역시 전국체전기획단,조상환,,철도시설과,담당확인
ENF0B2AEF2C1D6BF3D51C1B214767833FB2,R,N,Y,7621,"서면질문서 송부(238,239,240,241)",2025.08.27,부산광역시 기획담당관,이유경,,철도시설과,담당확인
DCT48DACDB7998D788D4490E4E6D7E2653F,P,N,Y,7634,출장결과 보고,2025.08.27,,김소연,임경모,철도시설과,종료
ENFF6532189C3632AD894B5BD6FEEE01297,R,N,Y,7619,「으랏차차머니 걷기 챌린지」홍보 협조 요청,2025.08.27,부산광역시 생활체육과,조상환,,철도시설과,담당확인
DCT983DAFC43FCEDF593BF9A6274389DB57,P,N,Y,7620,2026년도 예산편성요구서 제출(수정),2025.08.27,예산담당관,조상환,하치덕,철도시설과,발송
DCTEF336216ECB74ED7C2046C32BAFE2D0C,P,N,Y,7662,용역 선금신청에 따른 의견 회신(수정)[북부산 노포역 일원 종합개발 마스터플랜 수립(1차)],2025.08.27,회계재산담당관,김원영,하치덕,철도시설과,발송
ENFB4205A0AF172F459D83EDD03A631745B,R,N,Y,7618,신속한 재해복구를 위한 지방계약 집행 운영요령 회람 요청,2025.08.27,부산광역시 회계재산담당관,조상환,,철도시설과,담당확인
ENF05BC87605ACED10B606808ADC7BC2992,R,N,Y,7617,디지털서비스 전문계약제도 온라인 설명회 개최 및 시청 안내,2025.08.27,부산광역시 정보화정책과,조상환,,철도시설과,담당확인
ENF22666F1362565714DC9303877018ECED,R,N,Y,7616,'25년 하반기「전자책 서비스」이용 대상자 및 이용 방법 알림,2025.08.27,부산광역시 정보화정책과,조상환,,철도시설과,담당확인
ENF89DB03BF33C9C6EE4808CA44702B16C9,R,N,Y,7614,의원발의「재난 및 안전관리 기본법」일부개정법률안 의견조회,2025.08.27,부산광역시 안전정책과,조상환,,철도시설과,담당확인
ENF3AE8E4E465B2678D4FB69C5451FE5815,R,N,Y,7613,의원발의「10ㆍ29이태원참사 피해자 권리보장과 진상규명 및 재발방지를 위한 특별법」일부개정법률안 의견조회,2025.08.27,부산광역시 사회재난과,조상환,,철도시설과,담당확인
ENFFAF3EE30DA8EE5A73A650AB5D951A731,R,N,Y,7612,중앙부처 법령 제·개정안 의견 조회(노인장기요양보험법 등 13건),2025.08.27,부산광역시 법무담당관,조상환,,철도시설과,담당확인
ENFDFC9E4B84FAB3A8B0395992D0AB50044,R,N,Y,7611,기업규제혁신 집중발굴 과제 안건 제출 협조 요청,2025.08.27,부산광역시 기업지원과,조상환,,철도시설과,담당확인
ENFB07D23D2CBF74D9BFB9DB05EFA09D4A6,R,N,Y,7610,「부산광역시 화학물질 안전관리 조례」 일부개정조례안 입법예고 의견조회,2025.08.27,부산광역시 환경정책과,조상환,,철도시설과,담당확인
ENFCBA8F8DCCB69CBE671D9479576AFCF14,R,N,Y,7609,「2025 글로벌 헬스케어 위크」전시회 참가 및 홍보 협조 요청,2025.08.27,부산광역시 바이오헬스과,조상환,,철도시설과,담당확인
ENFFA4E2B7250384BCDD6679F81D173543F,R,N,Y,7608,「부산광역시 재난안전산업 육성 및 지원에 관한 조례」 일부개정조례안 입법예고 의견조회,2025.08.27,부산광역시 안전정책과,조상환,,철도시설과,담당확인
ENF901FD7935308773375A9A5D7A2F718C6,R,N,Y,7607,동북아 물류플랫폼구축 타당성검토 및 기본계획수립용역 중간보고회 참석 요청,2025.08.27,부산광역시 트라이포트기획과,조상환,,철도시설과,담당확인
DCT2C17F3A384E5AB39F3456548430FCBB2,P,N,Y,7615,용역 선금신청에 따른 검토보고,2025.08.27,,김원영,임경모,철도시설과,종료
ENF66ECEDE00355AAEED0BCB74D6CB29246,R,N,Y,7606,정보공개청구서(접수번호 : 15089721),2025.08.27,이승엽,김소연,,철도시설과,담당확인
ENF0C6969D9D631C08C551D37D93DF4A801,R,N,Y,7605,「보건의료 분야 개인정보 전송에 관한 고시」개정안 의견조회,2025.08.27,부산광역시 보건위생과,조상환,,철도시설과,담당확인
ENF1A2E0C7D04FE75B7F3F9125C3BBD74B3,R,N,Y,7604,자원봉사은행(앱) 가입 독려 요청,2025.08.27,부산광역시 자치행정과,조상환,,철도시설과,담당확인
ENF64D5091C02EC55F93519C1D05E1095B9,R,N,Y,7602,제안서 평가위원회 후보자 등록 신청(배**),2025.08.26,배**,최세운,,철도시설과,담당확인
ENFE9B12CA433D053DFE5C4FAB9D2BB4731,R,N,Y,7601,제안서 평가위원회 후보자 등록 신청(박**),2025.08.26,박**,최세운,,철도시설과,담당확인
ENF4F0797872491FDC652B67073273077BE,R,N,Y,7600,제안서 평가위원회 후보자 등록 신청(박**),2025.08.26,박**,최세운,,철도시설과,담당확인
ENF128E155574FAD5C30EC57107600C19E7,R,N,Y,7599,제안서 평가위원회 후보자 등록 신청(김**),2025.08.26,김**,최세운,,철도시설과,담당확인
ENF6E9B8D679210D2AC6083EA2DA7E78AAD,R,N,Y,7598,제안서 평가위원회 후보자 등록 신청(김**),2025.08.26,김**,최세운,,철도시설과,담당확인
ENFE0E2CFC2EEE70982FF414338D09B7FAB,R,N,Y,7597,제안서 평가위원회 후보자 등록 신청(김**),2025.08.26,김**,최세운,,철도시설과,담당확인
ENF1A820B0A3F44555654646AD5D6D964F3,R,N,Y,7596,제안서 평가위원회 후보자 등록 신청(강**),2025.08.26,강**,최세운,,철도시설과,담당확인
ENF29CCA71D4FB5607B50FCF3050C0A7776,R,N,Y,7595,제안서 평가위원회 후보자 등록 신청(김**),2025.08.26,김**,최세운,,철도시설과,담당확인
ENFBBDB833AD15F9D7BC5AABC3D33D12359,R,N,Y,7594,제안서 평가위원회 후보자 등록 신청(배**),2025.08.26,배**,최세운,,철도시설과,담당확인
ENFF39FDEF2D8B40E74169DFD2C9BA1243B,R,N,Y,7593,제안서 평가위원회 후보자 등록 신청(이**),2025.08.26,이**,최세운,,철도시설과,담당확인
ENF608A23CF2D8BCA74ACF864E951C9BB9E,R,N,Y,7592,제안서 평가위원회 후보자 등록 신청(조**),2025.08.26,조**,최세운,,철도시설과,담당확인
ENFFFD5B3C49F2D3F690265AD54AA0D359C,R,N,Y,7591,제안서 평가위원회 후보자 등록 신청(박**),2025.08.26,박**,최세운,,철도시설과,담당확인
ENFB1CD2AAB1DC4744C4B666A1DAD3A0E0D,R,N,Y,7590,제안서 평가위원회 후보자 등록 신청(최**),2025.08.26,최**,최세운,,철도시설과,담당확인
ENFB5DAD1D2C9B68D29FC07DBF626E77A5C,R,N,Y,7589,제안서 평가위원회 후보자 등록 신청(강**),2025.08.26,강**,최세운,,철도시설과,담당확인
ENFEE8F0E0C53BC85D8BC9938927FCC8D3D,R,N,Y,7588,제안서 평가위원회 후보자 등록 신청(우**),2025.08.26,우**,최세운,,철도시설과,담당확인
ENF100BE5A18335BEDCB58C6FD7EC7660DF,R,N,Y,7587,제안서 평가위원회 후보자 등록 신청(이**),2025.08.26,이**,최세운,,철도시설과,담당확인
ENF855E055BE20AC4ABBAAE0D8E038EE677,R,N,Y,7586,제안서 평가위원회 후보자 등록 신청(팽**),2025.08.26,팽**,최세운,,철도시설과,담당확인
ENF46D0EC1236136841FA2B1E696A893965,R,N,Y,7585,제안서 평가위원회 후보자 등록 신청(이**),2025.08.26,이**,최세운,,철도시설과,담당확인
ENFEF0492375B8C9671850891332937464C,R,N,Y,7584,제안서 평가위원회 후보자 등록 신청(최**),2025.08.26,최**,최세운,,철도시설과,담당확인
ENF773EBB3C4821CB3731A65E6A83F0E573,R,N,Y,7583,제안서 평가위원회 후보자 등록 신청(윤**),2025.08.26,윤**,최세운,,철도시설과,담당확인
ENF353ADBB9F9B4A83A62011B36FADDF7AB,R,N,Y,7582,제안서 평가위원회 후보자 등록 신청(박**),2025.08.26,박**,최세운,,철도시설과,담당확인
ENF3B5369F5E302561BE83CFCDDD5BA22E4,R,N,Y,7581,제안서 평가위원회 후보자 등록 신청(이**),2025.08.26,이**,최세운,,철도시설과,담당확인
ENFAB65858721803224CF015614FCDEB553,R,N,Y,7580,제안서 평가위원회 후보자 등록 신청(정**),2025.08.26,정**,최세운,,철도시설과,담당확인
ENF55FE665BAB9B7C81E120F8CDBED396B3,R,N,Y,7579,제안서 평가위원회 후보자 등록 신청(성**),2025.08.26,성**,최세운,,철도시설과,담당확인
ENF2F3CA40693568E4E0C50EC2E37BF8D9E,R,N,Y,7578,제안서 평가위원회 후보자 등록 신청(서**),2025.08.26,서**,최세운,,철도시설과,담당확인
ENF861A26184423E7DED89D18A108BE4A0F,R,N,Y,7577,제안서 평가위원회 후보자 등록 신청(김**),2025.08.26,김**,최세운,,철도시설과,담당확인
ENFCD77E9616F0E9388A783E0EBDB851414,R,N,Y,7576,제안서 평가위원회 후보자 등록 신청(김**),2025.08.26,김**,최세운,,철도시설과,담당확인
ENFF8716038A1DB03FFB9114D955B456FF2,R,N,Y,7575,제안서 평가위원회 후보자 등록 신청(정**),2025.08.26,정**,최세운,,철도시설과,담당확인
ENFC9AF6DA2CB09A478E23B3733CC9A5605,R,N,Y,7574,제안서 평가위원회 후보자 등록 신청(이**),2025.08.26,이**,최세운,,철도시설과,담당확인
ENFB43EE59308C55262F8840D5C75DEAFC2,R,N,Y,7573,「9~10월 중 공무원 AI활용 역량강화 교육(중급)」참여희망자 추가모집 안내,2025.08.26,부산광역시 정보화정책과,조상환,,철도시설과,담당확인
ENF464C0ABE471AD86CF57D7D437912FFB6,R,N,Y,7571,부산 항노화바이오산업육성 종합계획 수립 연구용역 제안서 평가위원 후보자 추천 요청,2025.08.26,부산광역시 바이오헬스과,조상환,,철도시설과,담당확인
DCTF380ACD32D1A0C7A33633DE65CA78FF2,P,N,Y,7572,차량(버스) 배차 및 운전 지원 요청(2025.9.23.),2025.08.26,총무과장,최세운,하치덕,철도시설과,발송
ENFDAE84CB1C866F7E734272B054FA8DDED,R,N,Y,7569,2025년 8월 조직개편에 따른 재산관리관 변경 조치,2025.08.26,부산광역시 회계재산담당관,조상환,,철도시설과,담당확인
ENFFEB934B16876A8C6E70095BAD22633D9,R,N,Y,7568,화재안전취약자 지원사업 추진사항 자료 제출 협조 요청,2025.08.26,부산광역시 재난예방담당관,조상환,,철도시설과,담당확인
ENF10791220F1238B78F4F694249400BD77,R,N,Y,7567,부동산 압류 관련 자료조회,2025.08.26,부산광역시 세정운영담당관,조상환,,철도시설과,담당확인
ENF43B5DE5905B357C9FCE595E739CA9D3C,R,N,Y,7566,시민참여형 온실가스 감축 9월 실천과제(버스타Go~전철타Go~걷Go~)홍보 알림,2025.08.26,부산광역시 탄소중립정책과,조상환,,철도시설과,담당확인
DCT869F7932C86E293963CC0943BCAAED1D,P,N,Y,7570,용역 선금신청에 따른 의견 회신[북부산 노포역 일원 종합개발 마스터플랜 수립(1차)],2025.08.26,회계재산담당관,김원영,하치덕,철도시설과,발송
ENFB589D7B60593613462C9BA9AF5835E54,R,N,Y,7565,이광희 의원발의「지방자치법」일부개정법률안 의견조회,2025.08.26,부산광역시 자치행정과,조상환,,철도시설과,담당확인
ENFF5E0DE27166C29542ADE6C2A81E77E3A,R,N,Y,7564,2026년 KDI국제정책대학원 훈련 대상자 선발 안내,2025.08.26,부산광역시 인사과,조상환,,철도시설과,담당확인
ENFEF6B13723D08B40F480CB4AF7377D837,R,N,Y,7563,8.26일 호우 관련 중앙재난안전대책본부장 지시사항 알림,2025.08.26,부산광역시 자연재난과,조상환,,철도시설과,담당확인
ENF81840C65A7A51A95D212AE4C3AC8A5DA,R,N,Y,7562,2025년도 시설형 민간위탁 공유재산 공제(손해보험) 가입현황 자료 제출 요청,2025.08.26,부산광역시 회계재산담당관,조상환,,철도시설과,담당확인
ENF18F29E2D8B55726D2C02E790F58C517D,R,N,Y,7561,2025년 8월 국비 미교부 사업 국비요청 자료 제출 요청,2025.08.26,부산광역시 예산담당관,김소연,,철도시설과,담당확인
ENFED65AC97C5040B1082BD5BB21D24D506,R,N,Y,7558,「제20기 공무원 직무발명 실무 과정」교육 희망자 제출 요청,2025.08.26,부산광역시 연구개발과,조상환,,철도시설과,담당확인
ENFDE2576437D6757DE34EA234040C92EFE,R,N,Y,7557,「2025 블루푸드테크 포럼」 개최 안내 및 참석 협조 요청,2025.08.26,부산광역시 수산진흥과,조상환,,철도시설과,담당확인
DCT913126BB427C712F3314F4FDCFD96940,P,N,Y,7559,2025년 하반기 중요직무 및 대상자 추천,2025.08.26,미래혁신기획과장,김도완,하치덕,철도시설과,발송
ENF51A2A9E93943BB61502B6B623C9CDCB8,R,N,Y,7556,(긴급)'25년 하반기「정부24」권역별 순회교육 재안내 및 참석요청,2025.08.26,부산광역시 통합민원과,조상환,,철도시설과,담당확인
ENFF31A18849EF0EF3262D857C41A8103E0,R,N,Y,7555,정부디렉터리시스템 서비스 IP 변경에 따른 조치사항 온라인 설명회 안내,2025.08.26,부산광역시 정보화정책과,조상환,,철도시설과,담당확인
ENFB8BF359CE9F531C7411EB6E78D9A1067,R,N,Y,7554,중앙부처 법령 제·개정안 의견 조회(항공안전법 등 18건),2025.08.26,부산광역시 법무담당관,조상환,,철도시설과,담당확인
DCT9AAD8E89702804A18110271B79BCE947,P,N,Y,7560,용역 선금신청에 따른 검토보고,2025.08.26,,김원영,하치덕,철도시설과,종료
DCT9239CEFD6B949CF0D0CCABD99BB6D70A,P,N,Y,7553,차세대 부산형 급행철도(BuTX) 전략환경영향평가 항목 등의 결정 내용 공개 건의,2025.08.26,,조중기,하치덕,철도시설과,종료
ENF3FD4950637F8D7CC6E4D2CCF64D352C3,R,N,Y,7552,주민등록 통합행정시스템 서비스 일시 중단 안내,2025.08.26,부산광역시 자치행정과,조상환,,철도시설과,담당확인
ENF108C5DF5D0186571E3C8F580BABEB967,R,N,Y,7551,2025년 하반기 퇴직공무원 포상 대상자 추천 요청,2025.08.26,부산광역시 인사과,조상환,,철도시설과,담당확인
ENF62686882094FF1FDE5904ABC0C951C2C,R,N,Y,7550,2025년도 공공 마이데이터 활용 서비스 수요조사 안내,2025.08.26,부산광역시 빅데이터과,조상환,,철도시설과,담당확인
ENF47DB0E5D233DD743EE330346838A94D4,R,N,Y,7548,야생멧돼지 ASF 및 전시동물 질병관리 업무 유공 장관표창 후보자 추천요청(기한연장),2025.08.26,부산광역시 환경정책과,조상환,,철도시설과,담당확인
